Time (h), Air temperature (degC)
1,4
2,4.8
3,5.5
4,5.5
5,5.8
6,6
7,6.5
8,7.2
9,8
10,8.5
11,8.9
12,9.9
13,10.7
14,11.4
15,11
16,9.6
17,6.7
18,4.7
19,4.5
20,4.8
21,4
22,3.7
23,4
24,3.4
25,3.8
26,2.4
27,4.1
28,2.5
29,1.7
30,0.8
31,-0.6
32,2.8
33,7.1
34,7.4
35,8.4
36,7.6
37,7.7
38,8.4
39,8.3
40,5
41,3.5
42,1.8
43,0.4
44,-2.2
45,-1.8
46,-1.7
47,-1.4
48,-0.3
49,0.4
50
51,0.3
52,-0.2
53,-0.2
54,0.9
55,2.4
56,2.6
57,2.6
58,3.2
59,3.2
60,3
61,2.6
62,2.3
63,2.6
64,2.7
65,2.7
66,1.9
67,1.5
68,0.8
69,-0.4
70,-1.2
71,-0.5
72,-1.9
73,-2
74,-2.4
75,-1.7
76,-2
77,-2.3
78,-2.4
79,-1.4
80,0.5
81,1.6
82,2.8
83,3.5
84,4.4
85,4.6
86,4.6
87,3.4
88,2.6
89,1.8
90,2.5
91,2.4
92
93,-1.9
94,-3.2
95,-4.2
96,-3.7
97,-4.5
98,-4.5
99,-2.8
100,-1.6
101,-0.2
102,1.4
103,1.5
104,2.6
105,3.4
106,5.1
107,6.6
108,7.8
109,8.6
110,8.5
111,8.3
112,7.4
113,6.5
114,6.1
115,5.5
116,5.4
117,5
118,4.5
119,4.5
120,4.3
121,2.3
122,1.6
123,2
124,1.7
125,2.6
126,2.6
127,4.5
128,5.5
129,6.6
130,7
131,8.3
132,1
133,9.8
134,10.3
135,10.3
136,9.2
137,7.5
138,7
139,5.4
140,5
141,4.5
142,4
143,1.3
144
145,-0.5
146,1.3
147,-0.7
148,-1
149,-3
150,-2.5
151,-2.7
152,-0.4
153,2
154,3.4
155,4.7
156,6.1
157,6.4
158,6.8
159,5.5
160,3.1
161,0.3
162,-0.7
163,-1.3
164,-2.1
165,-2.8
166,-1.9
167,-3.5
168,-4
169,-4.9
170,-5.1
171,-5.6
172,-5.7
173,-5.4
174,-5.6
175,-3.1
176,-1.6
177,1.4
178,4.3
179,4.8
180,5.3
181,5.5
182,5.9
183,6.2
184,6.2
185,6.8
186,6.5
187,6.4
188,6.6
189,6.9
190,7
191,7.2
192,7.2
193,7.4
194,7.5
195,7.5
196,7.7
197,7.7
198,7.9
199,8.4
200,9
201,9.3
202,9.8
203,10.6
204,10.5
205,1
206,10.3
207,10.5
208,10.8
209,10.8
210,10.8
211,10.8
212,10.9
213,11
214,11
215,11
216,11
217,11.2
218,11.3
219,11.4
220,11.4
221,9.9
222,9.2
223,9.1
224,9.5
225,9.7
226,10.4
227,10.9
228,11.4
229,11.4
230,11.3
231,10.5
232,9.2
233,7.9
234,7.1
235,4.4
236,3.3
237,3
238,2.1
239,1.3
240,1.2
241,0.1
242,-0.8
243,-0.2
244,1.9
245,2.3
246,3.4
247,4.2
248,5.1
249,9
250,9.2
251,9.7
252,9.8
253,9.7
254,9.9
255,9.9
256,9.9
257,9.8
258,1
259,10.3
260,10.5
261,10.3
262,10.4
263,10.4
264,9.9
265,9.5
266,9.4
267,8.9
268,8.6
269,8.5
270,8.3
271,8.2
272,8.6
273,8.9
274,10.2
275,12.1
276,13.9
277,12.3
278,13.8
279,12.2
280,9.9
281,8.6
282,8.8
283,8.8
284,8.5
285,8.3
286,9.5
287,8.6
288,9.6
289,9.7
290,9.6
291,9.6
292,9.5
293,9.7
294,9.7
295,9.8
296,9.8
297,9.9
298,10.5
299,11.6
300,12.3
301,12.8
302,12.7
303,12.8
304,12.3
305
306
307,11.9
308,12.6
309,13.2
310,13.4
311,13.1
312,12.7
313,12.6
314,12.5
315,12.4
316,12.3
317,12.1
318,11.9
319,11.8
320,14.5
321,15.7
322,16.8
323,18.2
324,19.4
325,19.8
326,19.6
327,18.2
328,16.7
329,15.4
330,14.1
331,12.5
332,12.4
333,12.1
334,12
335,11.6
336,10.9
337,11.2
338,11.2
339,11
340,9.9
341,9.9
342,10.1
343,10.4
344,11.9
345,13.5
346,14.8
347,15.8
348,16.7
349,17.1
350,16.6
351,15.8
352,14.6
353,13.6
354,12.3
355,12.1
356,11.9
357,11.5
358,11.2
359,10.6
360,1
361,9.5
362,8.7
363,9
364,9.7
365,9.5
366,9.5
367,9.6
368,9.8
369,10.2
370,10.6
371,9.6
372,9.3
373,9.4
374,9.9
375,8.7
376,6.6
377,5.6
378,2.7
379,2
380,1.8
381,-0.1
382,-0.9
383,-1.3
384,-1.2
385,-1.9
386,-1.5
387,-1.2
388,-0.5
389,0.1
390,0.7
391,1.7
392,2.6
393,4.7
394,5.8
395,7
396,8.5
397,9
398,9.4
399,1
400,10.4
401,10.6
402,11.3
403,11.6
404,12
405,12
406,11.9
407,11.4
408,11.2
409,11.4
410,11.6
411,11.3
412,11.5
413,11.5
414,11.4
415,11.4
416,11.5
417,11.4
418,11.3
419,11.3
420,11.4
421,11.4
422,10.5
423,9.8
424,8.7
425,7.3
426,6.5
427,5.8
428,5.2
429,5
430,4.6
431,4.4
432,4.5
433,4.8
434,4.8
435,4.7
436,4.4
437,4.1
438,3.9
439,4
440,5.3
441,6.1
442,7.1
443,8.2
444,8.9
445,9
446,8.6
447,8.3
448,7.9
449,6.7
450,6.1
451,4.3
452,3.5
453,4.3
454,2
455,0.8
456,2.3
457,1.6
458,0.3
459,0.1
460,0.1
461,-0.4
462,-0.1
463,-0.8
464,0.2
465,1.3
466,2.6
467,3.8
468,4.4
469,5.6
470,5.7
471,5.5
472,5
473,5.1
474,4.8
475,4.7
476,4.5
477,4.6
478,4.8
479,4.9
480,5.1
481,5.3
482,5.4
483,5.7
484,5.8
485,5.8
486,5.3
487,5.6
488,6
489,6.6
490,7
491,7.5
492,7.4
493,6.6
494,6.8
495,7.4
496,7.8
497,8.4
498,8.7
499,9
500,8.9
501,8.4
502,8.4
503,8.5
504,9.1
505,9.8
506,10.2
507,10.7
508,10.4
509,6.9
510,5.3
511,5.4
512,5.8
513,6.3
514,6.6
515,6.4
516,7.1
517,7.6
518,7.9
519,6.7
520,5
521,4.2
522,4.2
523,4.2
524,3.7
525,3.6
526,3.2
527,2.8
528,1.9
529,1.9
530,0.9
531,0.1
532,0.4
533,1
534,-0.9
535,-1.6
536,-0.1
537,2.1
538,3.3
539,3.7
540,5.2
541,4
542,3.3
543,2.7
544,2.3
545,2.3
546,2.5
547,2.3
548,2.3
549,2.4
550,1.8
551,1.9
552,1.2
553,1.1
554,1.7
555,1.5
556,1.6
557,1.3
558,-0.1
559,-0.4
560,-0.3
561,0.9
562,1.8
563,2.5
564,3
565,2.7
566,2.2
567,1.3
568,0.7
569,0.4
570,0.3
571,0.2
572,0.2
573
574,-0.2
575,-0.4
576,-0.6
577,-0.6
578,-0.7
579,-0.8
580,-0.9
581,-1.1
582,-1.2
583,-1.3
584,-1.1
585,-0.5
586,-0.1
587,0.3
588,0.4
589,0.4
590,0.4
591,0.4
592,0.1
593,-0.2
594,-0.3
595,-0.4
596,-0.4
597,-0.4
598,-0.5
599,-0.5
600,-0.6
601,-0.6
602,-0.6
603,-0.4
604,-0.3
605,-0.2
606,-0.1
607,-0.5
608,-0.5
609,-0.2
610,0.2
611,0.5
612,0.8
613,0.5
614,0.4
615,0.1
616,-0.3
617,-0.6
618,-0.6
619,-1.1
620,-1.1
621,-1.3
622,-1.7
623,-2.1
624,-1.7
625,-1.5
626,-2.9
627,-2.7
628,-2
629,-2.1
630,-1.9
631,-1.9
632,-1.6
633,-0.5
634,-0.6
635,-0.8
636,-1
637,-0.4
638,-0.4
639,-0.7
640,-0.6
641,-1.1
642,-1.5
643,-1.8
644,-1.6
645,-1.6
646,-1
647,-1.1
648,-1.2
649,-1.2
650,-1.3
651,-2
652,-2.7
653,-2.9
654,-2.6
655,-2.7
656,-2.5
657,-2.3
658,-1.8
659,-1.8
660,-1.6
661,-1.8
662,-2.6
663,-4.4
664,-5.7
665,-5.4
666,-5.9
667,-8.3
668,-6.9
669,-6.5
670,-7.2
671,-6.5
672,-5.3
673,-4.9
674,-4.7
675,-4.7
676,-4.5
677,-4.2
678,-4
679,-3.9
680,-3.9
681,-4.2
682,-3.9
683,-4.2
684,-4.3
685,-4.3
686,-4.4
687,-4.4
688,-4.6
689,-4.3
690,-4.9
691,-7.4
692,-8.5
693,-7.5
694,-7.7
695,-8.8
696,-8
697,-7.6
698,-5.4
699,-5.1
700,-4.2
701,-4.1
702,-4.1
703,-3.5
704,-2.6
705,-2.2
706,-1.5
707,-0.7
708,0.1
709,0.4
710,0.8
711,1.1
712,1.3
713,1.4
714,1.2
715,1.1
716,1.1
717,1
718,1
719,1
720,0.9
721,0.9
722,1
723,1.1
724,1.3
725,1.4
726,1.6
727,1.7
728,1.9
729,2.3
730,2.5
731,2.9
732,3.3
733,3.7
734,3.9
735,4.2
736,4.7
737,5.4
738,5.9
739,6.3
740,7
741,7.4
742,7.5
743,7.6
744,7.6
745,7.6
746,7.5
747,7.4
748,7.2
749,7.2
750,6.9
751,6.8
752,6.9
753,6.8
754,6.8
755,7.7
756,7.5
757,7.2
758,6.9
759,6.5
760,6.1
761,5.1
762,3.4
763,3.3
764,2.3
765,0.1
766,-0.4
767,-1
768,-1
769,-2
770,-0.8
771,-0.1
772,0.1
773,1.9
774,2.4
775,2.7
776,3
777,3.3
778,3.5
779,3.8
780,4
781,4.3
782,4.6
783,5.1
784,5.5
785,5.9
786,6.3
787,6.7
788,7.1
789,7.5
790,7.7
791,7.9
792,8.4
793,8.4
794,7.8
795,7.6
796,7.7
797,7.9
798,7.8
799,7.8
800,8.1
801,8.1
802,8.1
803,8.1
804,7.3
805,6.8
806,6.1
807,5.2
808,4.7
809,5
810,4.6
811,4.1
812,3
813,2.6
814,2.5
815,2.3
816,2.6
817,2.9
818,2.8
819,2.1
820,1.9
821,1.8
822,1.8
823,1.9
824,2.4
825,2.9
826,3.6
827,4.3
828,4.5
829,5
830,5.2
831,5.2
832,5.4
833,5.7
834,6.2
835,6.3
836,6.2
837,5.1
838,4.3
839,3.6
840,3.4
841,2.9
842,2.3
843,3.3
844,3.3
845,3.6
846,3.6
847,3.8
848,4.4
849,5
850,5.3
851,5.7
852,6.5
853,6.5
854,5.8
855,5.6
856,4.9
857,4.4
858,4.5
859,4.6
860,4.9
861,4.9
862,4.7
863,4.7
864,4.9
865,5.1
866,5
867,5.1
868,5
869,4.5
870,3.9
871,3.9
872,4.1
873,4.6
874,5
875,5.1
876,4.9
877,4.9
878,5
879,5
880,5
881,5
882,5
883,4.8
884,4.5
885,3.9
886,3.9
887,3.7
888,3.6
889,3.6
890,3.8
891,4.1
892,4.3
893,4.7
894,4.9
895,5.4
896,5.5
897,5.9
898,6.3
899,6.7
900,7.2
901,7.3
902,7.1
903,6.8
904,6.7
905,6.5
906,6.1
907,5.8
908,5.7
909,5.5
910,5.5
911,5.3
912,5.5
913,5.5
914,5.5
915,5.6
916,5.5
917,5.5
918,5.6
919,5.6
920,5.6
921,5.9
922,6.1
923,6.4
924,6.5
925,6.7
926,6.5
927,6.5
928,6.8
929,6.7
930,6.7
931,6.4
932,6.2
933,5.9
934,5.7
935,5.6
936,5.5
937,5.4
938,5.3
939,5
940,4.8
941,4.6
942,4.5
943,4.4
944,4.3
945,4.4
946,4.4
947,4.4
948,4.5
949,4.5
950,4.4
951,4.2
952,4.1
953,4
954,4
955,3.9
956,3.6
957,3.5
958,3.2
959,3.2
960,3.1
961,3
962,3.2
963,3.1
964,2.9
965,2.9
966,2.9
967,2.8
968,2.8
969,3
970,2.4
971,2.5
972,2.2
973,2.2
974,2.3
975,2.3
976,2.6
977,2.7
978,2.6
979,2.4
980,2.4
981,2.5
982,2.5
983,2.6
984,2.6
985,2.6
986,2.6
987,2.6
988,2.5
989,2.6
990,2.7
991,2.8
992,2.7
993,2.9
994,2.9
995,3.1
996,3.1
997,3.3
998,3.2
999,3
1000,2.9
1001,2.9
1002,3
1003,3.2
1004,3.3
1005,3.4
1006,3.6
1007,3.8
1008,3.8
1009,3.9
1010,4
1011,4
1012,4
1013,4.1
1014,3.9
1015,4
1016,3.7
1017,4.1
1018,4.1
1019,4.1
1020,3.6
1021,3.4
1022,3.4
1023,3.3
1024,3.2
1025,2.9
1026,2.7
1027,2.3
1028,2.7
1029,3.1
1030,3.4
1031,3.6
1032,3.9
1033,4.1
1034,4.4
1035,4.4
1036,4.6
1037,4.8
1038,5
1039,5.2
1040,5.1
1041,5.3
1042,5.4
1043,5.4
1044,5.6
1045,5.6
1046,5.7
1047,5.8
1048,5.9
1049,5.7
1050,5.8
1051,5.7
1052,5.4
1053,5.2
1054,5.1
1055,5.1
1056,5.1
1057,5
1058,4.8
1059,4.6
1060,4.5
1061,4.5
1062,4.5
1063,4.6
1064,4.5
1065,4.4
1066,4.3
1067,4.4
1068,4.3
1069,4.1
1070,4.1
1071,3.7
1072,3.4
1073,3.3
1074,2.9
1075,2.9
1076,2.8
1077,2.7
1078,2.8
1079,2.9
1080,2.9
1081,2.8
1082,2.7
1083,2.8
1084,3.4
1085,4.1
1086,4.3
1087,4.4
1088,4.6
1089,4.8
1090,4.9
1091,5.3
1092,5.4
1093,5.6
1094,5.7
1095,5.8
1096,6.3
1097,6.7
1098,6.8
1099,6.9
1100,7.1
1101,7.2
1102,7.3
1103,7.5
1104,7.6
1105
1106
1107,7.6
1108,7.5
1109,7.5
1110,7.6
1111,7.7
1112,8.1
1113,8.4
1114,8.5
1115,9
1116,8.9
1117,8.5
1118,8.2
1119,7.9
1120,7.9
1121,8
1122,7.8
1123,7.6
1124,7.6
1125,7.4
1126,7.3
1127,7.3
1128,7.2
1129,6.8
1130,6.6
1131,6.3
1132,6
1133,5.6
1134,5.6
1135,5.2
1136,4.7
1137,5
1138,5.3
1139,5.8
1140,6.2
1141,5.8
1142,5.7
1143,5.1
1144,4.7
1145,4.6
1146,4.2
1147,4.3
1148,4.3
1149,4
1150,4.5
1151,5
1152,5
1153,4.8
1154,4.5
1155,4.2
1156,3.7
1157,3.4
1158,3.1
1159,2.8
1160,1.8
1161,1.9
1162,2.1
1163,2.1
1164,1.7
1165,1.3
1166,0.8
1167,0.8
1168,0.4
1169,0.6
1170,0.5
1171,-0.2
1172,-0.6
1173,-2
1174,-1
1175,-2.4
1176,-3.5
1177,-3.6
1178,-2.4
1179,-3.7
1180,-4.9
1181,-4.9
1182,-5.1
1183,-6.7
1184,-7.1
1185,-7
1186,-4.4
1187,-3.1
1188,-2.5
1189,-3.3
1190,-3.4
1191,-4.1
1192,-5.6
1193,-6.1
1194,-7.1
1195,-5.8
1196,-5.6
1197,-7
1198,-6.2
1199,-4.3
1200,-4.3
1201,-4.7
1202,-4.1
1203,-4.1
1204,-4.7
1205,-4.5
1206,-3.8
1207,-3.1
1208,-2.4
1209,-1.6
1210,-0.7
1211,0.1
1212,0.3
1213,0.4
1214,-0.3
1215,-0.3
1216,-1.1
1217,-0.9
1218,-2.8
1219,-3.2
1220,-3.8
1221,-4.2
1222,-3.8
1223,-4.6
1224,-4.2
1225,-5.3
1226,-5.5
1227,-5
1228,-5.6
1229,-7.2
1230,-5.9
1231,-6.1
1232,-5.7
1233,-4.7
1234,-3.7
1235,-3.5
1236,-2.4
1237,-1.8
1238,-2
1239,-2.5
1240,-2.5
1241,-2.7
1242,-2.4
1243,-1.6
1244,-0.8
1245,-0.3
1246
1247,-0.1
1248,-0.3
1249,-0.1
1250,-0.1
1251,-0.2
1252,-0.2
1253,-0.6
1254,-1
1255,-1
1256,-1.4
1257,-1.5
1258,-1
1259,-0.6
1260,-0.5
1261,-0.7
1262,-1.1
1263,-1.1
1264,-1.3
1265,-1.4
1266,-1.7
1267,-1.9
1268,-2
1269,-2.4
1270,-2.6
1271,-3
1272,-3.8
1273,-4.5
1274,-4.7
1275,-4.5
1276,-4.7
1277,-4.9
1278,-4.7
1279,-4.4
1280,-3.7
1281,-3.2
1282,-2.5
1283,-1.8
1284,-1.5
1285,-1.3
1286,-1
1287,-0.8
1288,-0.8
1289,-1.4
1290,-1.7
1291,-1.8
1292,-2.2
1293,-2.4
1294,-2.5
1295,-2.6
1296,-2.4
1297,-2.6
1298,-2.9
1299,-2.8
1300,-2.9
1301,-4.5
1302,-4.6
1303,-3.4
1304,-3.4
1305,-2.7
1306,-1.4
1307,-0.9
1308,-1
1309,-1.6
1310,-2.7
1311,-3.7
1312,-3.5
1313,-5.1
1314,-4.3
1315,-5.8
1316,-5.4
1317,-4.7
1318,-5.9
1319,-7.9
1320,-7.6
1321,-8.8
1322,-9.3
1323,-7.2
1324,-6.5
1325,-3.6
1326,-4.8
1327,-5.6
1328,-4.9
1329,-3.8
1330,-3.8
1331,-3.5
1332,-3.2
1333,-2.9
1334,-3.3
1335,-4.5
1336,-5.2
1337,-6.9
1338,-6.7
1339,-4.4
1340,-5.7
1341,-7.8
1342,-8.1
1343,-8.1
1344,-9.4
1345,-10.6
1346,-11.3
1347,-10
1348,-9.5
1349,-9.5
1350,-8
1351,-7.5
1352,-8.4
1353,-7.1
1354,-5
1355,-4.9
1356,-4.7
1357,-4.1
1358,-3.8
1359,-3.6
1360,-5.6
1361,-5.1
1362,-4.6
1363,-4.8
1364,-3.8
1365,-3.9
1366,-4.9
1367,-5.9
1368,-6.6
1369,-7.6
1370,-5.8
1371,-5.9
1372,-5.7
1373,-5.6
1374,-5.1
1375,-4.7
1376,-4.7
1377,-4.9
1378,-5
1379,-5.2
1380,-5.6
1381,-5.9
1382,-6.1
1383,-6.4
1384,-6.5
1385,-6.7
1386,-6.6
1387,-6.7
1388,-6.9
1389,-7.1
1390,-6.9
1391,-6.9
1392,-7.4
1393,-7.8
1394,-7.9
1395,-8.5
1396,-9.2
1397,-8.6
1398,-8.4
1399,-7.9
1400,-7.4
1401,-7.2
1402,-6.9
1403,-6.8
1404,-6.6
1405,-6
1406,-5.1
1407,-4.5
1408,-4.4
1409,-4.3
1410,-4.1
1411,-4.2
1412,-4.8
1413,-5.1
1414,-5.2
1415,-5
1416,-4.8
1417,-4.4
1418,-4.2
1419,-4.2
1420,-3.6
1421,-2.6
1422,-2.7
1423,-1.5
1424,-1.8
1425,-1.4
1426,-0.8
1427,-0.7
1428,-0.4
1429,-0.1
1430,0.2
1431,0.4
1432,0.5
1433,0.2
1434,0.2
1435,0.6
1436,0.8
1437,0.9
1438,0.6
1439,0.2
1440,-0.3
1441
1442
1443,-1.1
1444,-0.8
1445,-0.7
1446,-0.6
1447,-0.2
1448,0.3
1449,0.5
1450,0.7
1451,1
1452,1.2
1453,1.3
1454,1.2
1455,1.2
1456,1
1457,1.1
1458,1
1459,1
1460,1.1
1461,1.2
1462,1.2
1463,1
1464,0.7
1465,0.5
1466,0.3
1467,0.1
1468
1469,0.1
1470,-0.1
1471,-1
1472,-1.7
1473,-2.1
1474,-2.2
1475,-2.1
1476,-2.6
1477,-3.1
1478,-3.7
1479,-4
1480,-4.3
1481,-4.7
1482,-5.1
1483,-5.3
1484,-5.6
1485,-5.8
1486,-5.3
1487,-6.9
1488,-8
1489,-3.9
1490,-3.9
1491,-3.1
1492,-2.6
1493,-2.6
1494,-2.8
1495,-2.9
1496,-3.1
1497,-3.1
1498,-3.1
1499,-2.9
1500,-3
1501,-3
1502,-3
1503,-2.9
1504,-2.9
1505,-2.7
1506,-2.5
1507,-2.5
1508,-2.5
1509,-2.5
1510,-2.7
1511,-3
1512,-3.2
1513,-3.1
1514,-3
1515,-3.1
1516,-3.6
1517,-4
1518,-3.2
1519,-3.1
1520,-2.8
1521,-2.7
1522,-2.7
1523,-2.9
1524,-3.1
1525,-3.2
1526,-3.3
1527,-3.5
1528,-3.9
1529,-4.1
1530,-4.2
1531,-4.5
1532,-4.6
1533,-4.9
1534,-4.9
1535,-5
1536,-5.2
1537,-5.3
1538,-5.3
1539,-5
1540,-4.8
1541,-4.1
1542,-3.9
1543,-3.4
1544,-3
1545,-2.5
1546,-2
1547,-0.9
1548,-0.1
1549,0.1
1550,0.2
1551,0.3
1552,0.3
1553,0.5
1554,0.6
1555,1
1556,1
1557,1.3
1558,1.5
1559,1.8
1560,2.1
1561,2.2
1562,2.5
1563,2.5
1564,2.3
1565,2.3
1566,2
1567,1.7
1568,1.6
1569,1.6
1570,1.5
1571,1.7
1572,1.6
1573,1.5
1574,1.4
1575,1.1
1576,0.5
1577,0.2
1578
1579,0.1
1580,-0.2
1581,-0.3
1582
1583,-0.8
1584,-0.2
1585,-0.5
1586,-0.5
1587,-0.5
1588,-1
1589,-1
1590,-0.6
1591,-0.2
1592,-0.2
1593,-0.4
1594,-0.3
1595,-0.2
1596,-0.2
1597,-0.4
1598,-0.1
1599,-0.1
1600,-0.2
1601
1602,-0.1
1603,-0.3
1604,-0.5
1605,-0.5
1606,-0.8
1607,-0.9
1608,-1.5
1609,-1.8
1610,-1.9
1611,-1.8
1612,-1.8
1613,-1.5
1614,-1.3
1615,-1.4
1616,-1.5
1617,-1.7
1618,-1.4
1619,-0.9
1620,-0.8
1621,-0.6
1622,-0.2
1623
1624,0.1
1625,0.1
1626,-0.5
1627,-1
1628,-0.9
1629,-1
1630,-1.2
1631,-1.3
1632,-1.2
1633,-1.2
1634,-1.2
1635,-1.2
1636,-1.3
1637,-1.5
1638,-1.6
1639,-1.4
1640,-1.4
1641,-1.3
1642,-1.3
1643,-1.2
1644,-0.8
1645,-0.5
1646,-0.2
1647,-0.4
1648,-0.5
1649,-0.7
1650,-0.9
1651,-1.1
1652,-1.1
1653,-1
1654,-0.9
1655,-0.7
1656,-0.1
1657,0.3
1658,0.5
1659,0.7
1660,1
1661,1.5
1662,1.8
1663,2.1
1664,2.2
1665,2
1666,1.9
1667,1.7
1668,1.5
1669,1.3
1670,0.8
1671,0.9
1672,1.1
1673,1.4
1674,1.3
1675,1.3
1676,1.2
1677,1.3
1678,1.4
1679,1.2
1680,1
1681,0.9
1682,0.8
1683,0.6
1684,0.3
1685,0.3
1686,0.2
1687,0.2
1688,0.1
1689,0.1
1690,-0.1
1691,-0.1
1692,-0.2
1693,-0.1
1694,0.2
1695,0.3
1696,0.4
1697,0.6
1698,0.5
1699,0.5
1700,0.5
1701,0.4
1702,0.3
1703,0.1
1704,-0.2
1705,-0.1
1706,-0.4
1707,-0.5
1708,-0.6
1709,-0.8
1710,-0.9
1711,-0.8
1712,-0.8
1713,-0.6
1714,-0.6
1715,-0.6
1716,-0.5
1717,-0.4
1718,-0.5
1719,-0.8
1720,-1
1721,-1.2
1722,-1
1723,-1.2
1724,-1.2
1725,-1.3
1726,-1.3
1727,-1.3
1728,-1.5
1729,-1.4
1730,-1.4
1731,-1.3
1732,-1.5
1733,-1.6
1734,-1.6
1735,-1.4
1736,-1.4
1737,-1.4
1738,-1.4
1739,-1.5
1740,-1.5
1741,-1.6
1742,-1.6
1743,-1.7
1744,-1.7
1745,-1.8
1746,-1.8
1747,-1.8
1748,-1.8
1749,-1.8
1750,-2
1751,-2.1
1752,-2.1
1753,-2.2
1754,-2.3
1755,-2.3
1756,-2.3
1757,-2.3
1758,-2.1
1759,-2.2
1760,-2.4
1761,-2.6
1762,-2.6
1763,-2.7
1764,-2.8
1765,-2.9
1766,-3.1
1767,-3.3
1768,-3.4
1769,-3.5
1770,-3.6
1771,-3.7
1772,-3.9
1773,-4
1774,-4.1
1775,-4.2
1776,-4.2
1777,-4.1
1778,-4.1
1779,-4.2
1780,-4.5
1781,-4.6
1782,-5
1783,-5.2
1784,-5.4
1785,-5.2
1786,-5.2
1787,-5.5
1788,-5.8
1789,-5.8
1790,-6.3
1791,-6.3
1792,-6.2
1793,-6.4
1794,-6.3
1795,-6.4
1796,-6.6
1797,-6.6
1798,-6.7
1799,-6.8
1800,-7.2
1801,-7.4
1802,-7.5
1803,-7.6
1804,-7.7
1805,-7.7
1806,-7.8
1807,-8
1808,-8.3
1809,-8.7
1810,-8.8
1811,-8.7
1812,-8.7
1813,-9.1
1814,-9.3
1815,-9.7
1816,-9.8
1817,-9.9
1818,-10.1
1819,-10.1
1820,-10.1
1821,-10.1
1822,-10.1
1823,-9.9
1824,-9.9
1825,-9.6
1826,-9.5
1827,-9.7
1828,-9.8
1829,-9.4
1830,-8.9
1831,-8.3
1832,-8.5
1833,-8.6
1834,-8.8
1835,-8.7
1836,-8.6
1837,-8.5
1838,-8.3
1839,-8.1
1840,-7.9
1841,-7.6
1842,-7.5
1843,-7.3
1844,-7.1
1845,-6.7
1846,-6.5
1847,-6.2
1848,-5.9
1849,-5.8
1850,-5.7
1851,-5.6
1852,-5.6
1853,-5.8
1854,-5.9
1855,-6
1856,-6
1857,-5.8
1858,-5.6
1859,-5.2
1860,-5
1861,-4.9
1862,-4.9
1863,-4.8
1864,-4.8
1865,-4.7
1866,-4.5
1867,-4.3
1868,-4.1
1869,-3.9
1870,-3.8
1871,-3.6
1872,-3.4
1873,-3.2
1874,-3.2
1875,-3.1
1876,-2.9
1877,-2.9
1878,-2.8
1879,-2.8
1880,-2.9
1881,-2.9
1882,-2.9
1883,-2.8
1884,-2.9
1885,-3
1886,-3.2
1887,-3.5
1888,-3.8
1889,-4.2
1890,-4.2
1891,-4.2
1892,-4.3
1893,-4.5
1894,-4.7
1895,-4.3
1896,-4.2
1897,-4.2
1898,-4.2
1899,-4.2
1900,-4.1
1901,-4.2
1902,-4.1
1903,-4
1904,-3.9
1905,-3.8
1906,-3.6
1907,-3.6
1908,-3.3
1909,-3.2
1910,-3.3
1911
1912
1913,-3.7
1914,-3.9
1915,-4.3
1916,-4.5
1917,-4.8
1918,-5.1
1919,-5.4
1920,-5.7
1921,-5.7
1922,-5.9
1923,-6
1924,-6.2
1925,-6.3
1926,-6.7
1927,-7.6
1928,-7
1929,-7.3
1930,-7.6
1931,-7.7
1932,-7.6
1933,-7.8
1934,-8
1935,-8.7
1936,-10.4
1937,-11.7
1938,-13.3
1939,-15.4
1940,-15.1
1941,-13.3
1942,-12.5
1943,-11.8
1944,-11.5
1945,-11.2
1946,-10.6
1947,-10.5
1948,-9.9
1949,-9.8
1950,-9.6
1951,-9.4
1952,-9.2
1953,-9.1
1954,-9
1955,-9
1956,-9.9
1957,-9.6
1958,-11.1
1959,-12.2
1960,-12.6
1961,-14
1962,-12.3
1963,-11.8
1964,-11.6
1965,-11.3
1966,-11.2
1967,-11.2
1968,-11.2
1969,-11.2
1970,-11.2
1971,-11.1
1972,-11.3
1973,-11.5
1974,-11.8
1975,-12
1976,-12.1
1977,-12.3
1978,-12.3
1979,-12.3
1980,-12.2
1981,-12.2
1982,-12.5
1983,-12.6
1984,-12.6
1985,-12.4
1986,-12.8
1987,-12.7
1988,-12.5
1989,-12.3
1990,-12.1
1991,-12
1992,-11.9
1993,-11.8
1994,-12
1995,-12.6
1996,-12.1
1997,-12
1998,-12.1
1999,-12.1
2000,-12.2
2001,-12.1
2002,-12.1
2003,-11.7
2004,-11.5
2005,-11.5
2006,-12.3
2007,-12.4
2008,-12.4
2009,-12.3
2010,-12.7
2011,-13.9
2012,-14.2
2013,-14.9
2014,-14.4
2015,-13.5
2016,-13.2
2017,-13.1
2018,-12.9
2019,-11.9
2020,-12.5
2021,-12.3
2022,-12.1
2023,-12
2024,-11.5
2025,-11.2
2026,-10.4
2027,-9.4
2028,-8.9
2029,-8.3
2030,-8
2031,-6.9
2032,-6.8
2033,-6.6
2034,-6.2
2035,-5.8
2036,-5.7
2037,-5.5
2038,-5.4
2039,-5.4
2040,-5.1
2041,-5.1
2042,-5.3
2043,-5.3
2044,-5.1
2045,-4.9
2046,-4.5
2047,-4.2
2048,-3.8
2049,-3.5
2050,-3
2051,-2.5
2052,-1.8
2053,-1
2054,-0.6
2055,0.2
2056,0.8
2057,0.9
2058,0.8
2059,0.7
2060,0.6
2061,1
2062,0.8
2063,0.6
2064,-0.1
2065,-0.1
2066,-0.4
2067,-0.8
2068,-0.6
2069,-0.8
2070,-1
2071,-1.2
2072,-1.2
2073,-1.4
2074,-0.9
2075,-0.8
2076,-1
2077,-1.1
2078,-1.6
2079,-3.6
2080,-4.2
2081,-4.2
2082,-4.3
2083,-4.1
2084,-4
2085,-3.4
2086,-3.2
2087,-3.2
2088,-2.9
2089,-2.8
2090,-2.9
2091,-2.8
2092,-2.6
2093,-2.5
2094,-2.4
2095,-2.5
2096,-2.5
2097,-2.2
2098,-2
2099,-1.4
2100,-1.2
2101,-1.7
2102,-1.7
2103,-1.6
2104,-1.4
2105,-1
2106,-0.8
2107,-0.7
2108,-0.8
2109,-0.6
2110,-0.5
2111,-0.4
2112,-0.5
2113,-0.8
2114,-0.9
2115,-1.1
2116,-1.1
2117,-1
2118,-1.1
2119,-1.1
2120,-0.9
2121,-0.8
2122,-0.5
2123,-0.1
2124,-0.2
2125,-0.3
2126,-0.6
2127,-0.8
2128,-2.3
2129,-1.6
2130,-1.4
2131,-1.5
2132,-1.6
2133,-2
2134,-2.3
2135,-2.6
2136,-2.7
2137,-2.9
2138,-3.1
2139,-3.3
2140,-3.4
2141,-3.3
2142,-3.4
2143,-3.5
2144,-3.4
2145,-3.1
2146,-3
2147,-2.9
2148,-2.5
2149,-2.2
2150,-1.7
2151,-1.2
2152,-0.5
2153,0.2
2154,0.5
2155,0.5
2156,0.5
2157,0.4
2158,0.5
2159,0.5
2160,0.3
2161,0.4
2162,0.4
2163,0.1
2164,-0.2
2165,-0.5
2166,-0.6
2167,-0.8
2168,-1.1
2169,-1.3
2170,-1.5
2171,-1.7
2172,-1.8
2173,-2.1
2174,-2.4
2175,-3
2176,-3.3
2177,-3.2
2178,-3.9
2179,-4.5
2180,-5.4
2181,-6.3
2182,-6.9
2183,-7.3
2184,-8.2
2185,-8.6
2186,-9.9
2187,-12.1
2188,-14.5
2189,-16.5
2190,-15.5
2191,-16.5
2192,-16.2
2193,-15.9
2194,-15.4
2195,-13
2196,-11.7
2197,-10.6
2198,-7.5
2199,-6.4
2200,-5.4
2201,-4.4
2202,-3.6
2203,-3
2204,-2.6
2205,-2
2206,-1.5
2207,-1.2
2208,-0.9
2209,-0.5
2210,-0.4
2211
2212,0.2
2213,0.3
2214,0.2
2215,0.1
2216,0.1
2217,0.2
2218,0.3
2219,0.2
2220,0.3
2221,0.2
2222,0.2
2223,0.1
2224,0.1
2225
2226
2227
2228,-0.1
2229,-0.2
2230,-0.6
2231,-0.9
2232,-2.1
2233,-3.8
2234,-3.9
2235,-3.7
2236,-4.1
2237,-4.9
2238,-5.3
2239,-5.5
2240,-5.6
2241,-6.1
2242,-6.3
2243,-7.2
2244,-8.2
2245,-8.9
2246,-9.7
2247,-9.7
2248,-10.4
2249,-10.7
2250,-11.3
2251,-11.2
2252,-12.2
2253,-11.7
2254,-11.8
2255,-11.9
2256,-12.7
2257,-12.9
2258,-14
2259,-14.6
2260,-14.1
2261,-14.9
2262,-15.5
2263,-16.8
2264,-15.9
2265,-16.9
2266,-17.1
2267,-16.7
2268,-16.9
2269,-16.3
2270,-18.1
2271,-21.4
2272,-21
2273,-22.1
2274,-21.8
2275,-21.3
2276,-19.9
2277,-17.2
2278,-15.1
2279,-12.1
2280,-9.9
2281,-8.2
2282,-7.2
2283,-7.1
2284,-6.9
2285,-6.9
2286,-6.7
2287,-6.3
2288,-6.1
2289,-5.9
2290,-5.8
2291,-5.6
2292,-5.3
2293,-5.5
2294,-4.8
2295,-4.5
2296,-4.5
2297,-5
2298,-5.7
2299,-6
2300,-6.5
2301,-6.9
2302,-7.5
2303,-7.7
2304,-7.9
2305,-7.9
2306,-8
2307,-8.3
2308,-8.3
2309,-8.4
2310,-8.4
2311,-8.4
2312,-8.6
2313,-8.8
2314,-8.8
2315,-9.1
2316,-8.9
2317,-9.1
2318,-8.9
2319,-8.8
2320,-8.7
2321,-8.7
2322,-8.4
2323,-8.3
2324,-9.2
2325,-8.3
2326,-8.2
2327,-8.1
2328,-8
2329,-7.8
2330,-7.5
2331,-7.3
2332,-7.2
2333,-7
2334,-6.7
2335,-6.5
2336,-6.4
2337,-6
2338,-4.8
2339,-4
2340,-3.6
2341,-3.2
2342,-2.9
2343,-2.7
2344,-2.6
2345,-2.5
2346,-2.2
2347,-1.9
2348,-1.7
2349,-1.5
2350,-1.2
2351,-1.1
2352,-0.7
2353,-0.4
2354,0.1
2355,0.3
2356,0.6
2357,0.7
2358,0.9
2359,0.7
2360,0.7
2361,0.8
2362,0.9
2363,0.6
2364,0.5
2365
2366,-0.6
2367
2368
2369,-2
2370,-1.5
2371,-1.6
2372,-2.1
2373,-2.3
2374,-2.3
2375,-2.4
2376,-2.5
2377,-2.4
2378,-2.2
2379,-2
2380,-1.9
2381,-1.9
2382,-1.9
2383,-2
2384,-2.1
2385,-2.1
2386,-2.1
2387,-2.1
2388,-2.1
2389,-2
2390,-2.3
2391,-2.5
2392,-2.7
2393,-2.9
2394,-2.9
2395,-3.2
2396,-3.4
2397,-3.4
2398,-3.3
2399,-3.5
2400,-3.6
2401,-3.6
2402,-3.8
2403,-4
2404,-4.2
2405,-4.6
2406,-5
2407,-5.2
2408,-5.6
2409,-5.8
2410,-5.7
2411,-5.4
2412,-5
2413,-4.6
2414,-4.3
2415,-4.1
2416,-4.1
2417,-4.6
2418,-5.9
2419,-6.5
2420,-6.9
2421,-6.9
2422,-7.1
2423,-7.2
2424,-7.1
2425,-7.1
2426,-7.1
2427,-7.2
2428,-7.4
2429,-7.5
2430,-7.7
2431,-8.1
2432,-8.1
2433,-8.2
2434,-8.4
2435,-8.6
2436,-8.5
2437,-8.4
2438,-8.9
2439,-9.2
2440,-9.4
2441,-9.5
2442,-9.4
2443,-9.3
2444,-8.3
2445,-7.5
2446,-6.2
2447,-4.9
2448,-3.5
2449,-2.6
2450,-1.7
2451,-1.4
2452,-1
2453,-0.7
2454,0.3
2455,0.1
2456,-0.4
2457,-1
2458,-1.1
2459,-0.9
2460,-0.7
2461,-0.3
2462,-0.4
2463,0.1
2464,0.3
2465,0.3
2466,0.4
2467,0.2
2468,0.9
2469,0.5
2470,0.3
2471,0.1
2472,0.2
2473,-0.2
2474,-0.7
2475,-1.2
2476,-1.8
2477,-2.4
2478,-2.6
2479,-2.8
2480,-3.2
2481,-3.4
2482,-3.3
2483,-2.9
2484,-2.7
2485,-3.1
2486,-3.7
2487,-4.6
2488,-5.2
2489,-5.6
2490,-5.8
2491,-6
2492,-6.1
2493,-6.2
2494,-6.5
2495,-7.1
2496,-10.4
2497,-11
2498,-11
2499,-12.5
2500,-13.3
2501,-14.1
2502,-14.7
2503,-15.1
2504,-16.1
2505,-16.5
2506,-16.5
2507,-15.3
2508,-13.2
2509,-13.6
2510,-12
2511,-11.5
2512,-11
2513,-10.7
2514,-9.2
2515,-8.3
2516,-7.7
2517,-7.2
2518,-6.4
2519,-5.7
2520,-5.5
2521,-5.3
2522,-5.1
2523,-5
2524,-4.6
2525,-4.5
2526,-4.2
2527,-4.2
2528,-4.4
2529,-4.9
2530,-4.8
2531,-4.8
2532,-4.8
2533,-5
2534,-5.2
2535,-5.5
2536,-5.2
2537,-5.4
2538,-5.3
2539,-5.4
2540,-5.5
2541,-6.8
2542,-5.3
2543,-5.1
2544,-5.2
2545,-5.2
2546,-5.5
2547,-5.6
2548,-5.4
2549,-5.3
2550,-5.4
2551,-5.7
2552,-6.1
2553,-6.5
2554,-6.9
2555,-7.2
2556,-7.4
2557,-7.5
2558,-7.7
2559,-7.9
2560,-8
2561,-8.2
2562,-8.3
2563,-8.5
2564,-8.6
2565,-8.6
2566,-9
2567,-8.7
2568,-8.6
2569,-8.6
2570,-8.6
2571,-8.3
2572,-7.5
2573,-7
2574,-6.8
2575,-6.9
2576,-7.4
2577,-6.9
2578,-6.6
2579,-6.9
2580,-6.7
2581,-6.3
2582,-6
2583,-6.1
2584,-6.1
2585,-6.2
2586,-6.6
2587,-7.4
2588,-8.4
2589,-9.9
2590,-11.6
2591,-12.9
2592,-14.2
2593,-13.7
2594,-11.1
2595,-10.2
2596,-8.9
2597,-8.9
2598,-9
2599,-8.8
2600,-8.6
2601,-8.7
2602,-8.9
2603,-9
2604,-9.1
2605,-9.3
2606,-9.7
2607,-10.1
2608,-10.5
2609,-10.2
2610,-10
2611,-10.2
2612,-10.9
2613,-11.3
2614,-12.1
2615,-11.2
2616,-10.6
2617,-9.8
2618,-9.8
2619,-10.5
2620,-10.9
2621,-11
2622,-11.3
2623,-11.6
2624,-12
2625,-12.6
2626,-12.5
2627,-12.6
2628,-13
2629,-14.2
2630,-14.6
2631,-14.4
2632,-15.9
2633,-13.9
2634,-14.5
2635,-14.5
2636,-14.2
2637,-15.1
2638,-17.8
2639,-16.9
2640,-17.6
2641,-17.5
2642,-19.2
2643,-20
2644,-18.8
2645,-17.6
2646,-16.1
2647,-15.4
2648,-14.9
2649,-14
2650,-13.6
2651,-13
2652,-10.8
2653,-10.2
2654,-10.2
2655,-10.2
2656,-10.1
2657,-10.1
2658,-9.8
2659,-9.7
2660,-9.5
2661,-9.5
2662,-9.9
2663,-10.2
2664,-10.7
2665,-13.1
2666,-13.7
2667,-14.3
2668,-15.2
2669,-15.1
2670,-14
2671,-14.7
2672,-14.4
2673,-14.8
2674,-14.3
2675,-15.1
2676,-16.6
2677,-16.4
2678,-17.7
2679,-14.8
2680,-15
2681,-16.4
2682,-16.3
2683,-18.3
2684,-20.3
2685,-18.2
2686,-19.9
2687,-19.9
2688,-24.9
2689,-22.9
2690,-21.3
2691,-22.4
2692,-23.4
2693,-23
2694,-23
2695,-22.7
2696,-23.4
2697,-23.2
2698,-23.7
2699,-23
2700,-21.9
2701,-19.8
2702,-20.7
2703,-21.9
2704,-23.4
2705,-24.6
2706,-25.3
2707,-25.4
2708,-27.1
2709,-27.2
2710,-27.3
2711,-26.2
2712,-22.7
2713,-20.1
2714,-16.6
2715,-13.4
2716,-12.6
2717,-13.1
2718,-13.3
2719,-12.3
2720,-11.9
2721,-11.8
2722,-11.4
2723,-11
2724,-10.4
2725,-10.3
2726,-10.6
2727,-10.6
2728,-10.4
2729,-11.1
2730,-12.9
2731,-12.5
2732,-12.3
2733,-10.7
2734,-8.1
2735,-8.3
2736,-9
2737,-8.8
2738,-8.3
2739,-7.8
2740,-7.6
2741,-7
2742,-6.7
2743,-6.4
2744,-6.3
2745,-6.2
2746,-6
2747,-5.9
2748,-5.8
2749,-5.6
2750,-5.9
2751,-6.2
2752,-5.7
2753,-6.4
2754,-7.1
2755,-8.8
2756,-11.5
2757,-12.8
2758,-13.3
2759,-16.9
2760,-17
2761,-16.8
2762,-23.1
2763,-20.2
2764,-21.2
2765,-21
2766,-23.5
2767,-23.4
2768,-24.2
2769,-23.4
2770,-22.3
2771,-20.7
2772,-19.6
2773,-20
2774,-20.4
2775,-21.6
2776,-22.4
2777,-23.5
2778,-24.5
2779,-24.6
2780,-24.2
2781,-23
2782,-22.3
2783,-21.6
2784,-20.9
2785,-20
2786,-18.2
2787,-17.8
2788,-17.3
2789,-16.7
2790,-16.2
2791,-15.6
2792,-14.9
2793,-14.2
2794,-13.2
2795,-12.2
2796,-11.7
2797,-11.1
2798,-10.9
2799,-10.8
2800,-10.9
2801,-10.7
2802,-10.8
2803,-10.9
2804,-11
2805,-11
2806,-11.2
2807,-11.1
2808,-11.1
2809,-10.8
2810,-10.9
2811,-10.6
2812,-10.9
2813,-11.3
2814,-12.1
2815,-13
2816,-13.7
2817,-13.5
2818,-13.7
2819,-13.9
2820,-13.7
2821,-13.6
2822,-13.3
2823,-13
2824,-13.4
2825,-13.8
2826,-13.9
2827,-14.1
2828,-14.6
2829,-15
2830,-15.8
2831,-18.3
2832,-17.9
2833,-19.5
2834,-20
2835,-21.8
2836,-21.1
2837,-20.8
2838,-21.6
2839,-23.5
2840,-23
2841,-25.8
2842,-25
2843,-22.3
2844,-20.5
2845,-21.1
2846,-22.2
2847,-23.3
2848,-24.1
2849,-26.6
2850,-27.3
2851,-27.3
2852,-28.5
2853,-28.8
2854,-29.6
2855,-29.8
2856,-30.1
2857,-30.2
2858,-30.3
2859,-30.5
2860,-30.7
2861,-30.4
2862,-30.7
2863,-29.6
2864,-29.6
2865,-28.5
2866,-26.5
2867,-22.4
2868,-21.2
2869,-19.5
2870,-18.9
2871,-17.1
2872,-16.1
2873,-14.6
2874,-14.3
2875,-14
2876,-13.6
2877,-13.2
2878,-12.5
2879,-12.1
2880,-11.7
2881,-11.4
2882,-11.2
2883,-11
2884,-10.9
2885,-10.8
2886,-10.6
2887,-10.6
2888,-10.5
2889,-10.3
2890,-10.1
2891,-10
2892,-9.9
2893,-9.7
2894,-9.5
2895,-9.4
2896,-9.6
2897,-9.5
2898,-9.3
2899,-9.1
2900,-8.8
2901,-8.7
2902,-8.5
2903,-8.3
2904,-8.2
2905,-8.3
2906,-8.4
2907,-8.4
2908,-8.5
2909,-8.6
2910,-8.5
2911,-8.9
2912,-9.1
2913,-9.2
2914,-8.8
2915,-9.2
2916,-9
2917,-9.8
2918,-8.9
2919,-10
2920,-10.6
2921,-11.9
2922,-14.3
2923,-15.4
2924,-14.8
2925,-15.7
2926,-18.1
2927,-16.9
2928,-14.8
2929,-13.6
2930,-14.2
2931,-13.6
2932,-13.7
2933,-14.2
2934,-14
2935,-14.1
2936,-13.9
2937,-13.5
2938,-12.9
2939,-12.6
2940,-12
2941,-11
2942,-10.9
2943,-10.9
2944,-10.8
2945,-10.7
2946,-10.7
2947,-10.5
2948,-10.4
2949,-10.3
2950,-10.2
2951,-10.2
2952,-10.1
2953,-10.1
2954,-10.1
2955,-10.1
2956,-10.1
2957,-10.1
2958,-10.2
2959,-10.4
2960,-10.5
2961,-10.6
2962,-10.8
2963,-11.7
2964,-13.3
2965,-13.5
2966,-14.6
2967,-16.5
2968,-17.1
2969,-16.5
2970,-17.6
2971,-16.6
2972,-18.6
2973,-18.7
2974,-18.5
2975,-17.1
2976,-17.1
2977,-16.8
2978,-15.5
2979,-14.9
2980,-14.4
2981,-14
2982,-13.7
2983,-13.7
2984,-13.9
2985,-13.8
2986,-13.7
2987,-13.6
2988,-13.6
2989,-13.6
2990,-13.6
2991,-13.1
2992,-12.8
2993,-12.3
2994,-12
2995,-12.2
2996,-12.4
2997,-12.2
2998,-12.1
2999,-12.3
3000,-12.6
3001,-12.9
3002,-12.9
3003,-12.9
3004,-12.8
3005,-12.7
3006,-12.6
3007,-12.8
3008,-12.8
3009,-12.6
3010,-12.4
3011,-12.2
3012,-11.9
3013,-11.6
3014,-11.2
3015,-10.9
3016,-10.4
3017,-9.7
3018,-9.2
3019,-8.4
3020,-7.7
3021,-7.3
3022,-7.1
3023,-6.8
3024,-6.5
3025,-6.2
3026,-5.9
3027,-5.4
3028,-5.1
3029,-5
3030,-4.5
3031,-4.5
3032,-5.2
3033,-5.7
3034,-5.9
3035,-5.7
3036,-5.5
3037,-6.7
3038,-7.7
3039,-8.3
3040,-9.2
3041,-9.5
3042,-10.5
3043,-10.5
3044,-10.7
3045,-10.9
3046,-11.9
3047,-12.1
3048,-11.1
3049,-10.9
3050,-10.7
3051,-10.7
3052,-10.6
3053,-10.4
3054,-10.1
3055,-9.7
3056,-9.3
3057,-8.4
3058,-7
3059,-6.1
3060,-5.7
3061,-5.6
3062,-5.6
3063,-5.5
3064,-5.6
3065,-5.8
3066,-5.7
3067,-5.9
3068,-6.4
3069,-7.2
3070,-7.8
3071,-8.8
3072,-9.4
3073,-10.2
3074,-10.7
3075,-11.3
3076,-11
3077,-12.4
3078,-14
3079,-18.6
3080,-19.6
3081,-19.1
3082,-15.7
3083,-14.6
3084,-14.6
3085,-11.7
3086,-11.3
3087,-11
3088,-10.8
3089,-10.7
3090,-10.6
3091,-10.1
3092,-9.6
3093,-8.8
3094,-8.6
3095,-7.5
3096,-6.6
3097,-6.8
3098,-7.1
3099,-7.4
3100,-7.3
3101,-7
3102,-6.2
3103,-5.5
3104,-5
3105,-4.6
3106,-4.2
3107,-3.6
3108,-3.2
3109,-2.3
3110,-1.4
3111,-1
3112,-0.9
3113,-0.9
3114,-0.9
3115,-1.2
3116,-1.4
3117,-1.3
3118,-1.7
3119,-1.9
3120,-2
3121,-1.9
3122,-2
3123,-2.1
3124,-1.8
3125,-1.6
3126,-1.2
3127,-0.8
3128,-0.5
3129,0.1
3130,0.3
3131,0.3
3132,0.3
3133,0.2
3134,0.2
3135,0.2
3136,0.3
3137,0.3
3138,0.6
3139,0.6
3140,0.8
3141,0.8
3142,0.8
3143,0.8
3144,0.6
3145,0.7
3146,0.5
3147,0.6
3148,0.4
3149,-0.1
3150,-0.2
3151,-0.2
3152,-0.1
3153,0.4
3154,0.6
3155,0.5
3156,0.5
3157,0.6
3158,1
3159,1
3160,0.8
3161,0.8
3162,0.9
3163,0.9
3164,0.7
3165,0.8
3166,1
3167,1
3168,0.8
3169,0.7
3170,0.5
3171,0.3
3172,0.2
3173,0.3
3174,0.3
3175,0.4
3176,0.5
3177,0.7
3178,0.7
3179,1.1
3180,1.4
3181,1.6
3182,1.9
3183,2
3184,1.9
3185,1.9
3186,1.9
3187,1.9
3188,1.8
3189,1.5
3190,1.4
3191,1.3
3192,1.1
3193,1.2
3194,1.1
3195,1
3196,1
3197,1
3198,1.2
3199,1.2
3200,1.2
3201,1.2
3202,1.3
3203,1.4
3204,0.9
3205,0.9
3206,0.5
3207,0.4
3208,0.3
3209,0.2
3210,0.2
3211,0.3
3212,0.3
3213,-0.5
3214,-1.2
3215,-1.8
3216,-2.6
3217,-3.1
3218,-4.1
3219,-4.8
3220,-5.5
3221,-5.8
3222,-6
3223,-6
3224,-7.2
3225,-7.3
3226,-6.4
3227,-5.4
3228,-5
3229,-4.6
3230,-4.4
3231,-4.7
3232,-6.3
3233,-6.4
3234,-6.6
3235,-6.9
3236,-7
3237,-10.3
3238,-11.3
3239,-11
3240,-9.1
3241,-12.3
3242,-11.5
3243,-11.8
3244,-10.8
3245,-8.7
3246,-8.8
3247,-8.1
3248,-7.5
3249,-6.7
3250,-5.7
3251,-5.2
3252,-4.7
3253,-4.1
3254,-3.5
3255,-2.9
3256,-2.5
3257,-2.2
3258,-1.3
3259,-1.1
3260,-0.9
3261,-1.1
3262,-0.1
3263,0.3
3264,0.7
3265,0.8
3266,0.8
3267,0.5
3268,-0.6
3269,-1
3270,-1.7
3271,-2.7
3272,-3.6
3273,-3.4
3274,-2.8
3275,-2.3
3276,-1.9
3277,-1.2
3278,-1.2
3279,-0.1
3280,0.7
3281,1.3
3282,1.4
3283,1.5
3284,1.4
3285,1.5
3286,1.9
3287,2.2
3288,3.5
3289,5.1
3290,5
3291,5
3292,5.1
3293,4.9
3294,4.6
3295,4.4
3296,4.6
3297,5.1
3298,5.6
3299,6
3300,6.2
3301,6.3
3302,5.8
3303,5
3304,4.3
3305,3.7
3306,2.9
3307,2
3308,2.3
3309,-1
3310,0.8
3311,0.7
3312,-1.1
3313,-1.3
3314,-2.3
3315,-1
3316,-2.1
3317,-1.2
3318
3319,0.2
3320,0.6
3321,1.2
3322,1.6
3323,2.5
3324,3.5
3325,4.7
3326,5.2
3327,4.9
3328,4.3
3329,3.8
3330,3.6
3331,3.5
3332,3.6
3333,2.8
3334,1.9
3335,1.5
3336,1.5
3337,1.4
3338,1
3339,1
3340,1
3341,0.9
3342,0.5
3343,0.2
3344
3345
3346,0.1
3347,0.6
3348,0.6
3349,0.6
3350,0.1
3351,-0.5
3352,-2.8
3353,-3
3354,-5
3355,-5.6
3356,-4.6
3357,-7.8
3358,-5.5
3359,-9.6
3360,-9.3
3361,-8.9
3362,-9.1
3363,-10.3
3364,-9.5
3365,-10.3
3366,-9.1
3367,-7
3368,-5.4
3369,-4.4
3370,-3.4
3371,-2.8
3372,-2.6
3373,-1.7
3374,-1.2
3375,-0.4
3376,0.2
3377,0.7
3378,1.8
3379,2.3
3380,2.2
3381,2.3
3382,2.4
3383,2.5
3384,2.4
3385,2.4
3386,2.4
3387,2.4
3388,2.5
3389,2.8
3390,2.6
3391,2.7
3392,2.6
3393,2.6
3394,2.7
3395,2.9
3396,2.8
3397,2.7
3398,2.5
3399,2.3
3400,2.1
3401,2
3402,2.1
3403,2.1
3404,2.1
3405,2.1
3406,2
3407,1.8
3408,1.7
3409,1.6
3410,1.6
3411,1.6
3412,1.5
3413,1.2
3414,0.9
3415,0.4
3416,-2.6
3417,-4.7
3418,-5.5
3419,-5.6
3420,-6.1
3421,-6.4
3422,-6.3
3423,-6.3
3424,-6.4
3425,-6.4
3426,-6.5
3427,-6.2
3428,-6.3
3429,-6.9
3430,-7.7
3431,-8.5
3432,-9.4
3433,-9.7
3434,-10.6
3435,-11.2
3436,-12.3
3437,-13.6
3438,-14.7
3439,-13.2
3440,-13.2
3441,-12.6
3442,-11.2
3443,-9.5
3444,-8.5
3445,-7.8
3446,-8.1
3447,-7.3
3448,-11
3449,-13.4
3450,-12.8
3451,-12.1
3452,-13.1
3453,-13.4
3454,-14.1
3455,-16.1
3456,-18.2
3457,-18.7
3458,-16.5
3459,-19.2
3460,-18.2
3461,-17.9
3462,-19.7
3463,-21.1
3464,-19.7
3465,-16.1
3466,-15.1
3467,-10.6
3468,-6.1
3469,-5.6
3470,-5.8
3471,-6.1
3472,-6.8
3473,-7.4
3474,-7.2
3475,-6.7
3476,-6.5
3477,-6.2
3478,-6.8
3479,-6.3
3480,-5.2
3481,-4.1
3482,-3.7
3483,-2.6
3484,-1.7
3485,-1.2
3486,-0.6
3487,0.3
3488,1.5
3489,2.6
3490,3.8
3491,6.1
3492,7.3
3493,7.1
3494,7
3495,6.2
3496,4.7
3497,5.6
3498,4.1
3499,2.6
3500,2.8
3501,2.8
3502,2.8
3503,1.6
3504,2.9
3505,2.2
3506,0.5
3507,3.6
3508,3.5
3509,3.2
3510,0.6
3511,-0.7
3512,1.1
3513,3.1
3514,4.1
3515,2.1
3516,1.6
3517,1.8
3518,2.4
3519,2.6
3520,3
3521,3
3522,3.2
3523,3
3524,3.1
3525,3
3526,4.1
3527,4
3528,4.7
3529,4.9
3530,4.6
3531,4.4
3532,4.5
3533,4.4
3534,4.4
3535,4.1
3536,4
3537,4
3538,3.9
3539,4.1
3540,4.6
3541,5
3542,4.8
3543,3.7
3544,3.6
3545,3.4
3546,2.9
3547,2.6
3548,2.6
3549,2.4
3550,2.1
3551,1.7
3552,1.5
3553,-0.1
3554,-0.3
3555,0.9
3556,0.8
3557,0.2
3558,-1.3
3559,-0.3
3560,-0.8
3561,0.4
3562,1.3
3563,2
3564,2.5
3565,3.1
3566,2.7
3567,2.9
3568,2.5
3569,1.3
3570,0.7
3571,-0.4
3572,-2.6
3573,-2.8
3574,0.2
3575,0.1
3576,-0.1
3577,0.2
3578,0.4
3579,1.1
3580,1.4
3581,1.4
3582,1.4
3583,1.4
3584,2.7
3585,3.4
3586,4.8
3587,5.9
3588,6.1
3589,6.4
3590,3
3591,2.7
3592,3.7
3593,4.9
3594,5
3595,4.7
3596,4.6
3597,4.6
3598,4.4
3599,4.1
3600,3.7
3601,2.8
3602,2.5
3603,2.2
3604,1.5
3605,1.4
3606,1.1
3607,1
3608,1
3609,0.9
3610,1
3611,-0.4
3612,-1.6
3613,-2.1
3614,-2.9
3615,-3.2
3616,-3.4
3617,-4.2
3618,-4.9
3619,-5.7
3620,-6.8
3621,-7.3
3622,-7.8
3623,-8.6
3624,-9.3
3625,-9.5
3626,-10.3
3627,-10.8
3628,-11.6
3629,-11.5
3630,-12.3
3631,-11.8
3632,-10.7
3633,-9.1
3634,-7.5
3635,-6
3636,-5.5
3637,-4.7
3638,-4
3639,-4.2
3640,-4.6
3641,-5.7
3642,-6.4
3643,-6.3
3644,-5.4
3645,-5.3
3646,-5.2
3647,-5.2
3648,-5
3649,-4.6
3650,-4.5
3651,-4.7
3652,-4.6
3653,-5
3654,-6.3
3655,-5.4
3656,-4.1
3657,-2.7
3658,-2.3
3659,-1.8
3660,-1.1
3661,-0.6
3662,-0.3
3663,-1.1
3664,-3.2
3665,-5
3666,-5.9
3667,-6.9
3668,-7.5
3669,-8
3670,-8.3
3671,-8.5
3672,-8.8
3673,-9.7
3674,-10.8
3675,-11.8
3676,-12.4
3677,-13
3678,-13.9
3679,-14.5
3680,-13.9
3681,-12.2
3682,-11.3
3683,-9.7
3684,-8.6
3685,-8
3686,-7.2
3687,-7.3
3688,-8.7
3689,-10.7
3690,-11.9
3691,-13.5
3692,-14.4
3693,-14.1
3694,-12.4
3695,-13.3
3696,-13.8
3697,-13.6
3698,-13.1
3699,-12.2
3700,-12.4
3701,-13.3
3702,-12
3703,-11.6
3704,-10.5
3705,-9.2
3706,-8.2
3707,-7.4
3708,-7.1
3709,-6.5
3710,-6.5
3711,-6.4
3712,-6.6
3713,-7
3714,-7.5
3715,-7.6
3716,-7.7
3717,-7.9
3718,-7.8
3719,-7.7
3720,-7.7
3721,-7.7
3722,-7.7
3723,-7.4
3724,-7.6
3725,-8
3726,-8.7
3727,-9.8
3728,-11.1
3729,-11.8
3730,-10.9
3731,-9.7
3732,-9.2
3733,-8.9
3734,-8.6
3735,-8.9
3736,-9.8
3737,-11
3738,-11.5
3739,-12.3
3740,-13.3
3741,-14.5
3742,-14.7
3743,-15
3744,-15.6
3745,-15.6
3746,-14.4
3747,-18.9
3748,-17.2
3749,-13.4
3750,-13.7
3751,-13.5
3752,-11.5
3753,-9.5
3754,-7.6
3755,-6.1
3756,-5.1
3757,-4.8
3758,-4.6
3759,-4.9
3760,-5.5
3761,-6.6
3762,-7.5
3763,-9.1
3764,-9.7
3765,-9.2
3766,-8.6
3767,-8.1
3768,-7.8
3769,-6.8
3770,-6.6
3771,-6.6
3772,-6.5
3773,-6.3
3774,-6
3775,-5.4
3776,-4.8
3777,-4.1
3778,-3.4
3779,-2.7
3780,-2
3781,-1.2
3782,-0.5
3783,-0.3
3784,-0.5
3785,-0.8
3786,-0.8
3787,-0.8
3788,-1.1
3789,-1.1
3790,-1
3791,-1.1
3792,-1.2
3793,-1
3794,-0.9
3795,-0.9
3796,-0.7
3797,-0.6
3798,-0.6
3799,-0.4
3800,0.1
3801,0.5
3802,1.3
3803,2.9
3804,3.8
3805,4.4
3806,3.2
3807,3.1
3808,3
3809,2.7
3810,2.5
3811,2.5
3812,2.3
3813,2
3814,1.8
3815,1.1
3816,0.6
3817,0.5
3818,0.8
3819,0.8
3820,0.8
3821,-2.4
3822,-4.2
3823,-5.1
3824,-5.4
3825,-5.5
3826,-5.5
3827,-5.1
3828,-4.4
3829,-3.9
3830,-3
3831,-2.5
3832,-2.6
3833,-3
3834,-4.9
3835,-4.4
3836,-4
3837,-3.8
3838,-3.4
3839,-3.3
3840,-3.6
3841,-3.6
3842,-4
3843,-4.2
3844,-4.5
3845,-4.7
3846,-4.8
3847,-4.7
3848,-3.9
3849,-4.6
3850,-5.3
3851,-3
3852,-2.8
3853,-2.9
3854,-3.2
3855,-3
3856,-4.5
3857,-6
3858,-7.1
3859,-9.9
3860,-10.9
3861,-10.5
3862,-9.9
3863,-9.4
3864,-10.1
3865,-11.6
3866,-12.7
3867,-12.9
3868,-14.1
3869,-14.3
3870,-13.4
3871,-10.6
3872,-10.5
3873,-10.1
3874,-7
3875,-7.4
3876,-6.3
3877,-4.6
3878,-4.1
3879,-4.7
3880,-4.9
3881,-5.8
3882,-7
3883,-8.1
3884,-8.5
3885,-9.2
3886,-9.8
3887,-12.2
3888,-9.7
3889,-9.1
3890,-7.5
3891,-6.9
3892,-6.1
3893,-5.8
3894,-5.6
3895,-5.7
3896,-5.9
3897,-6.1
3898,-5.7
3899,-4.4
3900,-3.4
3901,-2.4
3902,-2.1
3903,-2.3
3904,-2.6
3905,-3.7
3906,-5
3907,-6.8
3908,-6.9
3909,-7.8
3910,-8.9
3911,-11.6
3912,-10.7
3913,-13.9
3914,-15.6
3915,-15.2
3916,-16.4
3917,-17.4
3918,-16.5
3919,-16.3
3920,-11.3
3921,-7.7
3922,-5.6
3923,-4.8
3924,-3
3925,-2.4
3926,-2
3927,-2.3
3928,-2.7
3929,-3
3930,-3.3
3931,-3.5
3932,-3.5
3933,-3.6
3934,-3.4
3935,-3.5
3936,-3.6
3937,-3.8
3938,-4
3939,-4.1
3940,-4.1
3941,-4.1
3942,-4.1
3943,-3.8
3944,-3.3
3945,-3
3946,-2.6
3947,-2.2
3948,-1.6
3949,-1
3950,-0.6
3951,-0.2
3952,-0.3
3953,-0.5
3954,-0.8
3955,-0.9
3956,-1.1
3957,-1
3958,-1.1
3959,-1
3960,-0.7
3961,-0.7
3962,-0.8
3963,-0.9
3964,-0.9
3965,-0.7
3966,-0.6
3967,-0.4
3968,-0.1
3969,0.3
3970,0.7
3971,1
3972,1.3
3973,1.6
3974,1.2
3975,1.3
3976,1.8
3977,1.4
3978,1.4
3979,1.1
3980,1
3981,0.9
3982,0.6
3983,0.6
3984,0.7
3985,0.7
3986,0.8
3987,0.9
3988,1
3989,0.9
3990,0.7
3991,0.7
3992,0.8
3993,0.9
3994,0.8
3995,0.9
3996,1
3997,1.1
3998,1
3999,1
4000,0.8
4001,0.4
4002,0.4
4003,0.4
4004,0.3
4005,0.3
4006,0.3
4007,0.3
4008,0.3
4009,0.3
4010,0.3
4011,0.3
4012,0.2
4013,0.2
4014,0.3
4015,0.4
4016,0.4
4017,0.6
4018,0.8
4019,0.9
4020,1.1
4021,1.2
4022,1.3
4023,1.6
4024,1.3
4025,0.8
4026,0.7
4027,0.4
4028,0.1
4029,0.1
4030,0.2
4031,0.2
4032,0.2
4033,0.2
4034,0.3
4035,0.5
4036,0.6
4037,0.7
4038,0.9
4039,1.1
4040,1.4
4041,1.8
4042,2.5
4043,3.4
4044,3.2
4045,3
4046,3.5
4047,3.2
4048,2.8
4049,2.3
4050,2.2
4051,1.8
4052,1.7
4053,1.8
4054,1.7
4055,1.5
4056,1
4057,1
4058,0.7
4059,0.4
4060,0.5
4061,0.4
4062,0.4
4063,0.6
4064,0.5
4065,0.8
4066,0.9
4067,1.5
4068,2.1
4069,2.2
4070,2.5
4071,2.3
4072,2.4
4073,1.9
4074,1.8
4075,1.1
4076,0.9
4077,0.6
4078,0.3
4079,0.2
4080,-0.1
4081,-0.2
4082,-0.3
4083,-0.3
4084,-0.7
4085,-0.9
4086,-1.1
4087,-1.1
4088,-1.4
4089,-0.9
4090,0.3
4091,1.1
4092,1
4093,0.2
4094,-0.4
4095,-0.2
4096,0.1
4097,0.4
4098,0.6
4099,0.7
4100,1.1
4101,1.2
4102,1.3
4103,1
4104,0.1
4105,-0.2
4106,-0.4
4107,-0.6
4108,-0.7
4109,-1.6
4110,-3.4
4111,-0.3
4112,0.6
4113,2
4114,2.8
4115,4.6
4116,4.9
4117,5.5
4118,5.9
4119,5.4
4120,5.5
4121,5.1
4122,4.3
4123,3.6
4124,3.3
4125,3
4126,2.9
4127,1.9
4128,1.1
4129,0.8
4130
4131,-0.2
4132,-0.4
4133,-0.7
4134,-0.6
4135,-0.3
4136,0.2
4137,1
4138,1.6
4139,2.3
4140,2.6
4141,2.9
4142,3.1
4143,3
4144,2.5
4145,3.1
4146,-0.4
4147,-2.5
4148,-3.2
4149,-3.1
4150,-3.6
4151,-3.2
4152,-1.6
4153,1
4154,1.1
4155,1.1
4156,1.1
4157,1.5
4158,1.5
4159,2.3
4160,3
4161,2.4
4162,2.7
4163,2.6
4164,2.9
4165,3.5
4166,3.4
4167,3.6
4168,4.5
4169,4.3
4170,3.4
4171,2.8
4172,2.5
4173,2.7
4174,2.3
4175,2.1
4176,1.3
4177,1
4178,0.7
4179,0.6
4180,1
4181,0.8
4182,1.5
4183,2.2
4184,2.8
4185,3
4186,3.4
4187,3.9
4188,3.8
4189,3.5
4190,3.4
4191,3.3
4192,3.3
4193,3
4194,2.7
4195,2
4196,0.9
4197,-0.6
4198,-0.8
4199,-0.9
4200,-1.4
4201,-1.8
4202,-2.1
4203,-4.4
4204,-4.7
4205,-4.9
4206,-3.2
4207,-2.7
4208,-0.7
4209,0.9
4210,1.3
4211,1.6
4212,1.6
4213,2.5
4214,1.6
4215,1.7
4216,1.2
4217,-0.8
4218,-0.8
4219,-1.9
4220,-2.9
4221,-3.8
4222,-3.8
4223,-4.4
4224,-6.3
4225,-5.4
4226,-6.5
4227,-6.5
4228,-7.3
4229,-8.5
4230,-6.3
4231,-4.8
4232,-3.4
4233,-2.1
4234,-1.5
4235,-0.4
4236,0.2
4237,0.3
4238,0.5
4239,0.4
4240,0.3
4241,-1.3
4242,-1.3
4243,-3
4244,-4.6
4245,-4.6
4246,-4.6
4247,-6.6
4248,-5.2
4249,-7.6
4250,-8.5
4251,-9.8
4252,-9.5
4253,-10.4
4254,-9.9
4255,-7.9
4256,-4.9
4257,-2.8
4258,0.5
4259,1.7
4260,2.3
4261,2.9
4262,2.9
4263,2.4
4264,1.5
4265,1
4266,1.2
4267,0.8
4268,0.6
4269,0.8
4270,-0.9
4271,-0.7
4272,-1.3
4273,-3
4274,-4.2
4275,-4.6
4276,-4.8
4277,-4.9
4278,-5
4279,-3.5
4280,-1.8
4281,3
4282,3.9
4283,4.9
4284,4.8
4285,5.8
4286,6.4
4287,6.8
4288,7.3
4289,6.7
4290,5.6
4291,5.6
4292,5
4293,4.6
4294,4.5
4295,4.3
4296,4.6
4297,4.8
4298,4.9
4299,4.8
4300,4.5
4301,4.4
4302,4
4303,4.7
4304,5.7
4305,7.6
4306,8.4
4307,10.2
4308,11.5
4309,11.1
4310,11.8
4311,11.8
4312,10.3
4313,9.2
4314,8.3
4315,7.5
4316,6.5
4317,5.8
4318,5.4
4319,5.2
4320,4.6
4321,3.9
4322,3.1
4323,3
4324,2.1
4325,1.7
4326,2.6
4327,3.4
4328,4.5
4329,5.1
4330,5.6
4331,5.4
4332,6.1
4333,6.3
4334,6.3
4335,6.2
4336,5.7
4337,5.1
4338,4.1
4339,2.8
4340,0.9
4341,0.2
4342,0.1
4343,-0.5
4344,-0.9
4345,-1.2
4346,-1
4347,-1.7
4348,-2.7
4349,-3.3
4350,-2.6
4351,-0.2
4352,1.2
4353,2.2
4354,2.5
4355,2.8
4356,2.8
4357,2.4
4358,3.6
4359,3.2
4360,3.3
4361,1.4
4362,1.2
4363,0.6
4364,0.7
4365,0.3
4366,-0.3
4367
4368,-0.8
4369,-1.4
4370,-1.8
4371,-3.6
4372,-2.5
4373,-2.2
4374,-1.7
4375,-1
4376,-0.1
4377,0.9
4378,1.4
4379,2.6
4380,3.7
4381,4.6
4382,5.1
4383,5.4
4384,4.6
4385,4
4386,3.3
4387,2.5
4388,1.6
4389,0.9
4390,0.5
4391,0.4
4392,0.5
4393,-0.2
4394,-0.1
4395,-0.3
4396,-1.5
4397,-2
4398,-0.3
4399,1.1
4400,2.6
4401,4.1
4402,5.6
4403,7.1
4404,7.5
4405,8
4406,8.3
4407,8.2
4408,7.9
4409,6.9
4410,5.4
4411,3.8
4412,2.6
4413,2.4
4414,0.9
4415,0.1
4416,0.2
4417,-0.9
4418,-2.7
4419,-2.6
4420,-2.5
4421,-4.1
4422,-1.7
4423,1.2
4424,3.9
4425,6.1
4426,7.5
4427,8.6
4428,9.2
4429,9.6
4430,9.8
4431,9.3
4432,9.2
4433,8
4434,6.8
4435,4.4
4436,1.7
4437,1
4438,0.8
4439,1.9
4440,1.8
4441,2.8
4442,3.5
4443,4
4444,3.7
4445,4.1
4446,4.4
4447,5
4448,6.6
4449,7.1
4450,7.2
4451,9.9
4452,11
4453,11.1
4454,11
4455,11.2
4456,10.6
4457,9.2
4458,4.8
4459,3.5
4460,1.6
4461,2.1
4462,0.8
4463,0.3
4464,0.8
4465,0.4
4466,0.3
4467,0.5
4468,0.6
4469
4470,0.2
4471,1.1
4472,1.9
4473,2.1
4474,2.8
4475,3.2
4476,4.4
4477,5.3
4478,6.1
4479,6.3
4480,6.3
4481,6
4482,4.3
4483,3.5
4484,2
4485,2.4
4486,-0.8
4487,-2.4
4488,-3
4489,-2.7
4490,-3.2
4491,-4.4
4492,-4.5
4493,-4.8
4494,-3
4495,2.1
4496,4.3
4497,6.5
4498,9.1
4499,10.8
4500,12
4501,12.2
4502,12
4503,11.8
4504,10.4
4505,9.1
4506,5.9
4507,4.5
4508,1.6
4509,-0.2
4510,-1.5
4511,-2
4512,-3.1
4513,-3.9
4514,-3.8
4515,-4.7
4516,-5.3
4517,-4.6
4518,-2.6
4519,2
4520,4.3
4521,6.4
4522,7.9
4523,10.2
4524,10.5
4525,10.7
4526,11
4527,10.2
4528,9.5
4529,8.7
4530,7.6
4531,5.9
4532,4.3
4533,4.2
4534,3
4535,2.8
4536,2.2
4537,1.9
4538,2
4539,2.2
4540,1.6
4541,2.7
4542,2.7
4543,3.2
4544,3.4
4545,3.8
4546,2.5
4547,3
4548,2.6
4549,2.1
4550,1.1
4551,0.7
4552,0.5
4553,0.5
4554,0.6
4555,0.6
4556,0.6
4557,0.3
4558,0.4
4559,0.4
4560,0.5
4561,0.4
4562,0.1
4563,-0.1
4564,-0.3
4565,-0.8
4566,-1.2
4567,-1.2
4568,-0.9
4569,-1.1
4570,-0.9
4571,-0.9
4572,-0.9
4573,-1
4574,-0.9
4575,-1
4576,-1.3
4577,-1.5
4578,-2
4579,-2.4
4580,-2.7
4581,-3.1
4582,-3.3
4583,-3.5
4584,-3.6
4585,-3.8
4586,-4.1
4587,-4.3
4588,-4.5
4589,-4.7
4590,-4.8
4591,-4.5
4592,-4.1
4593,-3.5
4594,-3.4
4595,-3.2
4596,-3
4597,-2.4
4598,-2
4599,-1.3
4600,-1.7
4601,-1.9
4602,-2.6
4603,-2.5
4604,-3.2
4605,-4.7
4606,-4.7
4607,-5.1
4608,-5.1
4609,-5.9
4610,-6.6
4611,-6.9
4612,-8.1
4613,-8.2
4614,-6.7
4615,-5.4
4616,-4.1
4617,-3.9
4618,-2.7
4619,-1.8
4620,-1.2
4621,-0.5
4622,-0.1
4623,0.2
4624,-0.1
4625,0.2
4626,-1.3
4627,-1.9
4628,-6.4
4629,-6.4
4630,-7.9
4631,-9.5
4632,-9.1
4633,-8.2
4634,-6.8
4635,-3.6
4636,-3.1
4637,-2.6
4638,-2.2
4639,-1.4
4640,0.2
4641,1.3
4642,2.3
4643,3.1
4644,3.4
4645,4
4646,4.3
4647,4.3
4648,4.6
4649,4.1
4650,3.2
4651,2.1
4652,1.1
4653,1
4654,1.2
4655
4656,0.6
4657,-0.1
4658,0.2
4659
4660,-0.4
4661
4662,0.2
4663,1.5
4664,3
4665,3.8
4666,4.3
4667,4.6
4668,4.8
4669,5.4
4670,5.1
4671,5.3
4672,4.9
4673,4.4
4674,4.2
4675,3.5
4676,1.7
4677,0.9
4678,1.2
4679,0.3
4680,0.8
4681,1.3
4682,1.2
4683,-0.2
4684,0.4
4685,0.6
4686,0.5
4687,1.9
4688,2.9
4689,3.6
4690,4.3
4691,4.4
4692,4.2
4693,4.7
4694,5.4
4695,5.2
4696,5.2
4697,5.3
4698,4.3
4699,1.5
4700,-1.5
4701,-2.8
4702,-3.3
4703,-3.5
4704,-3.7
4705,-3.2
4706,-3.4
4707,-5.7
4708,-5.9
4709,-5.4
4710,-2.3
4711,0.5
4712,4
4713,5.6
4714,6.5
4715,7
4716,7.5
4717,7.8
4718,8.4
4719,8
4720,8
4721,6.8
4722,7.7
4723,2.7
4724,3.8
4725,0.6
4726,0.5
4727,0.2
4728
4729,0.3
4730,-2.2
4731,-4.1
4732,-3.6
4733,-3
4734,0.6
4735,3
4736,5.4
4737,6.2
4738,7.8
4739,8.8
4740,9.7
4741,10.5
4742,11.3
4743,11.6
4744,11.7
4745,13.7
4746,8.5
4747,4.9
4748,1.3
4749,-0.9
4750,-1.2
4751,-1.2
4752,-2.2
4753,-3
4754,-3.7
4755,-3.8
4756,-4.4
4757,-4
4758,-0.8
4759,2.4
4760,6.1
4761,10.3
4762,11.4
4763,12
4764,13.4
4765,13.3
4766,13.7
4767,13.3
4768,13.6
4769,12.1
4770,12.2
4771,8.4
4772,3.2
4773,2.2
4774
4775,-0.5
4776,-0.9
4777,-1.8
4778,-2.2
4779,-2.2
4780,-0.9
4781,-1.4
4782,1.5
4783,4.7
4784,7.2
4785,9.3
4786,10.9
4787,12.2
4788,13.1
4789,14.1
4790,14.9
4791,15.5
4792,16.2
4793,15.2
4794,12.5
4795,6
4796,3.8
4797,2.5
4798,4.7
4799,2.2
4800,7.1
4801,3.4
4802,2.6
4803,3.7
4804,3.8
4805,4.6
4806,5.8
4807,7.3
4808,8.6
4809,10.2
4810,10.6
4811,10.9
4812,10.7
4813,10.1
4814,9.5
4815,9.5
4816,9.4
4817,9
4818,8.2
4819,6.2
4820,3
4821,5.5
4822,4
4823,-0.8
4824,-2.1
4825,-1.6
4826,-3.1
4827,-3.4
4828,-1.9
4829,0.4
4830,3
4831,3.2
4832,3.8
4833,4.5
4834,6.3
4835,7.3
4836,8.5
4837,9.7
4838,10.3
4839,11.5
4840,11.5
4841,10.3
4842,10.1
4843,5.5
4844,3.2
4845,1.7
4846,0.1
4847,-0.9
4848,-1.5
4849,-1.9
4850,-2
4851,-3.2
4852,-2.8
4853,-0.6
4854,3.7
4855,5.7
4856,7.4
4857,8.9
4858,10.2
4859,10.4
4860,11.3
4861,11.5
4862,11.7
4863,12
4864,12.5
4865,11.1
4866,9.8
4867,8.4
4868,7.2
4869,7
4870,7.7
4871,7.8
4872,7.9
4873,7.3
4874,6.7
4875,6.3
4876,6.6
4877,6.8
4878,7.1
4879,7.5
4880,8.1
4881,9.2
4882,10.4
4883,11.9
4884,12.7
4885,13.1
4886,13.5
4887,13.6
4888,14.3
4889,14.3
4890,12.1
4891,9.6
4892,8.9
4893,5.6
4894,6.1
4895,7.6
4896,7.8
4897,7.4
4898,7.2
4899,6.3
4900,6.1
4901,7
4902,8.4
4903,9.9
4904,12.4
4905,14
4906,15.6
4907,16.8
4908,17.7
4909,18.2
4910,18.6
4911,18.8
4912,18.5
4913,17.7
4914,16.5
4915,14.3
4916,11.2
4917,9.3
4918,9.1
4919,4.9
4920,6
4921,3
4922,1.7
4923,0.4
4924,-0.1
4925,2.4
4926,9.5
4927,11.1
4928,12.8
4929,15.1
4930,16.4
4931,16.8
4932,18.2
4933,18.4
4934,18.6
4935,19.3
4936,18.9
4937,18.7
4938,16.6
4939,10.1
4940,6.8
4941,4.1
4942,2.5
4943,2.6
4944,1.3
4945,-0.2
4946,-0.8
4947,-1.1
4948,-1.1
4949,1.5
4950,6.8
4951,12.1
4952,14.7
4953,16.3
4954,17.5
4955,18.9
4956,19.8
4957,19.3
4958,19.2
4959,18.9
4960,18.7
4961,18.5
4962,17
4963,13.8
4964,6.9
4965,5.8
4966,3.1
4967,3
4968,2.7
4969,1
4970,0.4
4971,0.3
4972,-0.2
4973,2.1
4974,8.1
4975,11.2
4976,14.8
4977,17.1
4978,17.3
4979,18.1
4980,18.5
4981,18.9
4982,18.8
4983,18.7
4984,19
4985,18.6
4986,15.6
4987,12.4
4988,8.6
4989,10.7
4990,8.7
4991,8.1
4992,8.2
4993,6
4994,5.3
4995,3.4
4996,3.6
4997,5.5
4998,9.9
4999,12.7
5000,16
5001,17.1
5002,18
5003,18.9
5004,19.3
5005,19
5006,18.8
5007,18.1
5008,17.1
5009,13.8
5010,11.4
5011,9.3
5012,7
5013,5.5
5014,4.1
5015,2.8
5016,2
5017,1.4
5018,0.3
5019,-1
5020,-1
5021,-0.1
5022,1.1
5023,2
5024,3.3
5025,4.8
5026,5.6
5027,6.8
5028,8
5029,8.3
5030,9.1
5031,9.7
5032,9.6
5033,9.5
5034,8.6
5035,6.1
5036,2.1
5037,-0.1
5038,-1.9
5039,-2
5040,-2.5
5041,-3.5
5042,-3.5
5043,-3.6
5044,-3.4
5045,-1.4
5046,2.4
5047,6.6
5048,6.4
5049,9.6
5050,11.2
5051,12.4
5052,13.3
5053,13.5
5054,14
5055,14.2
5056,13.9
5057,13.5
5058,12.1
5059,10.3
5060,7.7
5061,6.6
5062,5.6
5063,4.8
5064,2.9
5065,4
5066,3.6
5067,3.8
5068,4.2
5069,5.4
5070,6.3
5071,7.7
5072,9.4
5073,10.5
5074,12.3
5075,13.3
5076,14.7
5077,15.3
5078,15
5079,16
5080,16.5
5081,15.5
5082,13.9
5083,12.4
5084,10.7
5085,9.5
5086,8.2
5087,5.8
5088,5
5089,2.7
5090,1.6
5091,1
5092,-0.4
5093,1.1
5094,4.9
5095,7.4
5096,1
5097,11.7
5098,12.8
5099,13.4
5100,14.1
5101,13.4
5102,9
5103,7.5
5104,7.1
5105,6.4
5106,6.1
5107,4.9
5108,4.7
5109,4.1
5110,3.3
5111,2.8
5112,2.3
5113,1.8
5114,1.7
5115,1.5
5116,0.9
5117,0.9
5118,0.8
5119,1
5120,1.4
5121,1.6
5122,1.2
5123,1.3
5124,1.2
5125,1.7
5126,1.6
5127,1.2
5128,0.6
5129,-0.2
5130,-0.6
5131,-0.9
5132,-1.2
5133,-1.4
5134,-1.5
5135,-1.7
5136,-1.8
5137,-2
5138,-2.4
5139,-2.4
5140,-2.9
5141,-3
5142,-2.5
5143,-2.5
5144,-2.3
5145,-1.8
5146,-1.4
5147,-0.9
5148,-0.7
5149,-0.2
5150,-0.3
5151,-0.3
5152,-0.1
5153,-0.3
5154,-0.5
5155,-0.9
5156,-1.4
5157,-1.5
5158,-1.9
5159,-1.7
5160,-1.7
5161,-1.6
5162,-1.6
5163,-1.6
5164,-1.6
5165,-1.4
5166,-0.8
5167,-0.3
5168,0.2
5169,1.7
5170,0.2
5171,0.6
5172,2.1
5173,3
5174,3.1
5175,1.4
5176,0.7
5177,1.9
5178,1.4
5179,0.3
5180,-0.4
5181,-0.8
5182,-0.5
5183,-0.3
5184,-0.6
5185,-0.3
5186,-0.4
5187,-0.6
5188,-1
5189
5190,0.7
5191,2.4
5192,2.7
5193,4
5194,4.8
5195,5.4
5196,4.4
5197,3.4
5198,3.8
5199,5
5200,6.6
5201,6
5202,1.9
5203,2.1
5204,1.4
5205,0.8
5206,0.7
5207,-0.2
5208,-0.3
5209,-0.2
5210,-0.8
5211,-1.2
5212,-1.6
5213,-1.3
5214,-0.5
5215,0.7
5216,2.8
5217,6.4
5218,8.1
5219,9.3
5220,9.7
5221,9.7
5222,9.5
5223,9.3
5224,9.7
5225,9.8
5226,9.6
5227,7.4
5228,4.1
5229,1.8
5230,0.8
5231,-1.3
5232,-1
5233,-2.4
5234,-3
5235,-3.2
5236,-2.9
5237,1.6
5238,3.5
5239,5.1
5240,5.8
5241,6.8
5242,7.7
5243,7.8
5244,7.8
5245,7.7
5246,8.8
5247,9.6
5248,8.2
5249,8.4
5250,6.9
5251,5.7
5252,4.3
5253,3.8
5254,2.3
5255,1
5256,0.2
5257,0.6
5258,0.1
5259
5260,1
5261,2.4
5262,3.1
5263,4.5
5264,6
5265,6.3
5266,6.5
5267,7.6
5268,9.1
5269,8
5270,10.1
5271,10.6
5272,10.2
5273,9.8
5274,9.1
5275,8.3
5276,4.4
5277,2.7
5278,3.1
5279,4.2
5280,1.4
5281,0.3
5282,-0.9
5283,-1.3
5284,-0.5
5285,3.3
5286,5.3
5287,8.1
5288,9.4
5289
5290
5291,11.8
5292,12.4
5293,13.8
5294,13.5
5295,14
5296,14
5297,13.9
5298,13.4
5299,11.8
5300,9.6
5301,8.1
5302,7.4
5303,5.2
5304,5.2
5305,5.2
5306,4.2
5307,4
5308,3.5
5309,6.7
5310,6.8
5311,8
5312,7
5313,6.1
5314,6.3
5315,6.7
5316,7.3
5317,7.7
5318,7.6
5319,8
5320,8.2
5321,8.2
5322,8.5
5323,8.6
5324,8.6
5325,8.7
5326,8.8
5327,8.8
5328,9.3
5329,9
5330,8.8
5331,8.4
5332,8.6
5333,8.4
5334,8.6
5335,8.7
5336,1
5337,10.7
5338,12
5339,11.9
5340,12
5341,12.1
5342,12.2
5343,11.5
5344,10.9
5345,10.8
5346,10.6
5347,10.5
5348,10.6
5349,11
5350,10.9
5351,10.7
5352,10.7
5353,10.4
5354,8.4
5355,7.5
5356,7.6
5357,7.8
5358,8
5359,7.8
5360,8.1
5361,8.5
5362,9.3
5363,10.7
5364,12.3
5365,12.5
5366,12.4
5367,12.1
5368,11.2
5369,11
5370,9.7
5371,8.8
5372,8
5373,7.2
5374,6.9
5375,6.1
5376,5.7
5377,5.4
5378,4.7
5379,4.3
5380,4.7
5381,5.5
5382,6.1
5383,7.5
5384,8.5
5385,8.5
5386,9.4
5387,9.8
5388,9.3
5389,9.1
5390,9.4
5391,9.1
5392,9.1
5393,8.8
5394,8.3
5395,8
5396,5.7
5397,4
5398,4.8
5399,3.7
5400,3.7
5401,1.1
5402,-0.5
5403,-0.6
5404,0.7
5405,2.2
5406,5.7
5407,8
5408,8.6
5409,8.7
5410,9
5411,10.7
5412,11.3
5413,10.9
5414,10.8
5415,10.5
5416,11
5417,10.8
5418,10.4
5419,9.4
5420,6.5
5421,5.5
5422,4.6
5423,0.9
5424,0.4
5425,0.8
5426,0.6
5427,1.2
5428,4.5
5429,5.8
5430,6.6
5431,7.9
5432,10.4
5433,11.7
5434,12.5
5435,13.9
5436,12.9
5437,14.4
5438,13.9
5439,13.5
5440,14.3
5441,14.1
5442,13.5
5443,12.5
5444,9.4
5445,5.8
5446,2.2
5447,3.9
5448,1.6
5449,0.7
5450,0.4
5451,-0.1
5452,1.4
5453,6.7
5454,9.4
5455,11.6
5456,13.5
5457,14.5
5458,15
5459,16.4
5460,16.4
5461,17
5462,17.8
5463,17.9
5464,17.6
5465,18.1
5466,17.3
5467,15.5
5468,13.3
5469,9.8
5470,10.7
5471,7.4
5472,8.6
5473,7.1
5474,6.2
5475,5.4
5476,5.8
5477,8.1
5478,9.8
5479,12.1
5480,13.7
5481,15
5482,15.8
5483,16.4
5484,17.5
5485,18.3
5486,19.1
5487,19.2
5488,2
5489,19.6
5490,19.7
5491,17.3
5492,14.1
5493,10.2
5494,9.1
5495,7.6
5496,5.5
5497,6.7
5498,5.5
5499,5.8
5500,6.5
5501,10.6
5502,14.2
5503,16.3
5504,17.2
5505,18.3
5506,2
5507,20.9
5508,21.5
5509,22.8
5510,23
5511,22.6
5512,23.1
5513,22.9
5514,22.2
5515,19.7
5516,17.3
5517,14.1
5518,10.9
5519,8.5
5520,8.4
5521,6.6
5522,6
5523,5.9
5524,9.2
5525,13
5526,15.5
5527,18.5
5528,21.3
5529,21.5
5530,22.4
5531,23
5532,23.2
5533,24.5
5534,24.3
5535,24.3
5536,24.1
5537,24
5538,23.1
5539,20.5
5540,17.6
5541,15.2
5542,14.4
5543,13.2
5544,12.5
5545,12.7
5546,12.9
5547,12.1
5548,12.6
5549,13.4
5550,14.5
5551,14.7
5552,15
5553,15.2
5554,15.6
5555,17
5556,17.6
5557,18.5
5558,19.3
5559,20.3
5560,20.2
5561,2
5562,19
5563,18
5564,17
5565,16
5566,14.6
5567,14.9
5568,13.5
5569,13.1
5570,12.9
5571,12.7
5572,13.8
5573,15.1
5574,17.2
5575,18.8
5576,19.4
5577,22
5578,23.2
5579,23.5
5580,22.1
5581,21.8
5582,19.8
5583,21
5584,20.3
5585,19.9
5586,19.8
5587,17.9
5588,15.4
5589,14.7
5590,14.5
5591,13.8
5592,13.1
5593,12
5594,11.9
5595,11.7
5596,11.8
5597,13.1
5598,15.1
5599,15.7
5600,17.4
5601,18.9
5602,20.4
5603,18.3
5604,19
5605,17.8
5606,18.7
5607,16.3
5608,15.7
5609,15
5610,14.8
5611,14.3
5612,13.4
5613,13.2
5614,11.9
5615,11.2
5616,10.6
5617,9.5
5618,10.1
5619,8.8
5620,8
5621,7.5
5622,7.1
5623,6.5
5624,6.2
5625,7.3
5626,8.5
5627,9.3
5628,9.7
5629,9.4
5630,9
5631,8.9
5632,8.8
5633,9.2
5634,9
5635,8.7
5636,7.3
5637,6.8
5638,6.7
5639,6.1
5640,5.9
5641,5.7
5642,5.7
5643,5.7
5644,5.5
5645,5.5
5646,5.5
5647,5.8
5648,6.4
5649,6.3
5650,5.9
5651,6.3
5652,6.9
5653,7.5
5654,7.7
5655,8.6
5656,9.4
5657,9.7
5658,9.1
5659,8.7
5660,8.3
5661,7.7
5662,7.4
5663,6.9
5664,6.8
5665,6.6
5666,6.3
5667,6.5
5668,7.1
5669,7.3
5670,7.6
5671,7.8
5672,7.9
5673,8.3
5674,8.4
5675,9.1
5676,9.4
5677,10.2
5678,10.6
5679,11.3
5680,10.8
5681,10.4
5682,10.7
5683,10.2
5684,9.1
5685,8.3
5686,8.3
5687,8.2
5688,8
5689,7.6
5690,6.5
5691,5.1
5692,4.6
5693,4.8
5694,6.2
5695,7
5696,8.5
5697,9.7
5698,9.7
5699,9.8
5700,9.8
5701,9.2
5702,9
5703,8.8
5704,8.5
5705,8.9
5706,8.7
5707,8.8
5708,8.7
5709,8.2
5710,7.8
5711,7.5
5712,7.1
5713,7.1
5714,6.4
5715,5.5
5716,7.3
5717,8.1
5718,8.7
5719,9.4
5720,9.7
5721,9.8
5722,10.9
5723,11.1
5724,11.6
5725,13
5726,11.5
5727,12.3
5728,13.6
5729,12.4
5730,11.9
5731,11.5
5732,1
5733,8.6
5734,8.4
5735,7.4
5736,6.8
5737,5.8
5738,4.5
5739,4.1
5740,6.9
5741,7.7
5742,9.1
5743,11.1
5744,12
5745,13.9
5746,12.7
5747,12.9
5748,13.1
5749,13.3
5750,12.1
5751,14.4
5752,14.2
5753,15.1
5754,14.6
5755,13.8
5756
5757
5758,11.1
5759,10.5
5760,10.6
5761,10.7
5762,10.4
5763,10.4
5764,10.4
5765,10.5
5766,10.5
5767,10.6
5768,11.3
5769,11.6
5770,11.7
5771,12.8
5772,13.8
5773,16.8
5774,17.4
5775,15.8
5776,16.2
5777,14.7
5778,12.7
5779,10.6
5780,8.8
5781,7.5
5782,6.7
5783,5.7
5784,4.9
5785,4.2
5786,4.6
5787,5
5788,6.3
5789,8
5790,9.5
5791,11.7
5792,13.2
5793,14.2
5794,15
5795,15.5
5796,16.3
5797,16.4
5798,16.9
5799,16.5
5800,16.4
5801,15.5
5802,14.3
5803,13.6
5804,13
5805,12.4
5806,11.7
5807,11
5808,10.7
5809,10.2
5810,9.7
5811,7.8
5812,6.7
5813,7.2
5814,8.1
5815,10.4
5816,11.2
5817,11.2
5818,12.1
5819,12.2
5820,12.7
5821,12.7
5822,12.9
5823,12.1
5824,12.2
5825,11.9
5826,11.7
5827,11.3
5828,10.3
5829,9.4
5830,8.7
5831,8.2
5832,7.5
5833,6.7
5834,6.1
5835,6.3
5836,7
5837,8.1
5838,9
5839,9.9
5840,11.7
5841,12.7
5842,13.6
5843,14.9
5844,15.7
5845,15.4
5846,16
5847,14.4
5848,13
5849,12.4
5850,10.9
5851,10.4
5852,9.4
5853,8.9
5854,9
5855,8.7
5856,8.4
5857,8.1
5858,8.2
5859,8.2
5860,7.9
5861,7.8
5862,8.4
5863,9.7
5864,10.7
5865,11.8
5866,12.5
5867,13.6
5868,12.9
5869,13.9
5870,14
5871,14.8
5872,15.1
5873,14.1
5874,12.9
5875,11.9
5876,11.2
5877,9.2
5878,8.4
5879,7.4
5880,7.3
5881,2.6
5882,3.2
5883,2.5
5884,7.6
5885,9.6
5886,11.3
5887,13.3
5888,15.3
5889,15.9
5890,15.8
5891,15.6
5892,15.4
5893,14.7
5894,14.3
5895,14.8
5896,15.7
5897,16.6
5898,15.8
5899,15.3
5900,13
5901,13.2
5902,13.7
5903,13.3
5904,12.4
5905,11.6
5906,11.6
5907,12
5908,12.9
5909,13.6
5910,14
5911,15.1
5912,17.5
5913,18.1
5914,18.9
5915,19.8
5916,20.4
5917,21
5918,22.8
5919,22.7
5920,22.9
5921,22.5
5922,21.8
5923,20.4
5924,16.8
5925,14.7
5926,14.2
5927,11.3
5928,10.7
5929,9
5930,6.9
5931,7.1
5932,9.8
5933,13.8
5934,16.2
5935,17.5
5936,19.6
5937,20.2
5938,21.5
5939,22.1
5940,23
5941,23.6
5942,24.1
5943,25
5944,24.1
5945,23
5946,22.4
5947,22.1
5948,19.6
5949,18.7
5950,17.5
5951,15.8
5952,14.6
5953,13.6
5954,13
5955,13.6
5956,15.6
5957,18.6
5958,21.2
5959,23
5960,24.2
5961,25.7
5962,26.8
5963,28.1
5964,28.7
5965,28.8
5966,29.1
5967,29.3
5968,29.1
5969,28.5
5970,27.9
5971,26
5972,23.2
5973,20.7
5974,18.9
5975,16.7
5976,15.5
5977,14.3
5978,13.7
5979,13.6
5980,17.9
5981,2
5982,22.4
5983,24.4
5984,26.3
5985,27.3
5986,28.5
5987,28.3
5988,29.5
5989,29.3
5990,28.5
5991,27.4
5992,28.1
5993,28.6
5994,28
5995,26.5
5996,23.9
5997,22
5998,20.2
5999,18.4
6000,16.8
6001,15.8
6002,15.9
6003,17.8
6004,19.1
6005,20.3
6006,22
6007,22.7
6008,24.5
6009,25.7
6010,27.3
6011,28.9
6012,29
6013,29.5
6014,27.4
6015,24.2
6016,22.7
6017,23.4
6018,22.7
6019,21.7
6020,20.3
6021,18.8
6022,17.9
6023,17.6
6024,16.6
6025,15.9
6026,15.1
6027,15.1
6028,17.7
6029,19.6
6030,16.4
6031,18.8
6032,18.2
6033,17.7
6034,18.6
6035,19.2
6036,20.5
6037,20.6
6038,21.1
6039,20.8
6040,21
6041,21.3
6042,20.1
6043,19
6044,17.7
6045,16
6046,14.6
6047,13.4
6048,13.1
6049,13
6050,12.7
6051,12.5
6052,13.5
6053,14.2
6054,14.4
6055,14.7
6056,15.4
6057,15.7
6058,15.1
6059,15.2
6060,16.6
6061,16.8
6062,16.8
6063,17.6
6064,18.4
6065,17.6
6066,17.9
6067,16.6
6068,15.5
6069,14.8
6070,13.8
6071,12.8
6072,12.4
6073,12.5
6074,12.2
6075,11.9
6076,11.9
6077,13.1
6078,14.1
6079,15.2
6080,15.6
6081,16.2
6082,15.8
6083,15.8
6084,15.9
6085,17.3
6086,17
6087,16.9
6088,17.4
6089,15.7
6090,14.4
6091,12.7
6092,10.8
6093,8.1
6094,7.6
6095,6.7
6096,3.6
6097,3.7
6098,3.5
6099,5
6100,7.3
6101,8.8
6102,9.7
6103,11.3
6104,12.2
6105,12.1
6106,12.1
6107,13.1
6108,13.5
6109,14.7
6110,14.3
6111,15.1
6112,15
6113,14.8
6114,14.2
6115,13.6
6116,12.3
6117,11
6118,10.2
6119,8.9
6120,7
6121,8.5
6122,7.8
6123,8.8
6124,9.9
6125,10.4
6126,10.9
6127,11
6128,11.1
6129,11.4
6130,12.2
6131,12.5
6132,13.3
6133,14.9
6134,14.4
6135,16
6136,16.3
6137,16
6138,15.8
6139,15.5
6140,14.5
6141,13.8
6142,13.3
6143,13
6144,12.5
6145,12.2
6146,12
6147,12
6148,12.2
6149,12.3
6150,12.9
6151,12.9
6152,13.1
6153,14.1
6154,14.8
6155,15.8
6156,16.1
6157,17.3
6158,15.8
6159,15.3
6160,15
6161,14.7
6162,14
6163,12.7
6164,12.1
6165,12
6166,12
6167,12
6168,12
6169,12
6170,12
6171,12.1
6172,12.2
6173,12.5
6174,12.5
6175,12.7
6176,13.6
6177,13.6
6178,13.4
6179,14.5
6180,16.6
6181,17.9
6182,17.5
6183,18.4
6184,18.3
6185,18.5
6186,19.3
6187,18.4
6188,16.7
6189,14.3
6190,12.2
6191,11.1
6192,1
6193,9.8
6194,8.7
6195,8.7
6196,12.9
6197,14.8
6198,16.2
6199,18.2
6200,19.4
6201,20.5
6202,20.1
6203,22.1
6204,21.7
6205,22.3
6206,23.6
6207,23
6208,22.2
6209,22.4
6210,23.1
6211,21.6
6212,19.6
6213,18.6
6214,16.2
6215,16
6216,13.7
6217,13.4
6218,12.3
6219,13.5
6220,15.5
6221,17
6222,18
6223,19.5
6224,20.9
6225
6226
6227,23.3
6228,24.6
6229,25.6
6230
6231
6232,19.3
6233,19.3
6234,17.9
6235,17.5
6236,17.4
6237,17.3
6238,15.8
6239,15.2
6240,12.6
6241,11.4
6242,12.8
6243,14.4
6244,14.8
6245,15.8
6246,18.1
6247,19.4
6248,20.9
6249,21.9
6250,23.5
6251,23.3
6252,24.2
6253,25.2
6254,25.1
6255,25.5
6256,24.8
6257,24
6258,23.3
6259,21.9
6260,19.8
6261,18.3
6262,16.9
6263,14.2
6264,16.2
6265,16.4
6266,16
6267,15.8
6268,15.8
6269,16.1
6270,17.2
6271,18.8
6272,20.1
6273,20.6
6274,20.7
6275,22.3
6276,23.6
6277,23.2
6278,19.6
6279,22.6
6280,23.7
6281,22.7
6282,22.6
6283,21.7
6284,19.6
6285,17.2
6286,16.8
6287,13.6
6288,11.8
6289,11.8
6290,10.4
6291,9.9
6292,12.9
6293,15.9
6294,17.3
6295,18.7
6296,18.8
6297,19.5
6298,21.1
6299,21.8
6300,22.8
6301,22.5
6302,23.2
6303,23.9
6304,24.9
6305,24.8
6306,24.9
6307,22.5
6308,21.4
6309,18.8
6310,17.4
6311,17.2
6312,16.2
6313,16
6314,15.5
6315,15.1
6316,17.7
6317,20.2
6318,21.1
6319,22.5
6320,23.5
6321,24.3
6322,24
6323,24.4
6324,25.1
6325,25.2
6326,25.4
6327,25.2
6328,25.6
6329,24.8
6330,24.1
6331,23.2
6332,21.4
6333,19.2
6334,17.6
6335,16.6
6336,13.9
6337,14.3
6338,11.4
6339,14.9
6340,15.4
6341,16
6342,16.9
6343,18.2
6344,16.4
6345,16.1
6346,17.7
6347,19.1
6348,14.7
6349,14.6
6350,13.9
6351,13.8
6352,14.6
6353,14.7
6354,15.7
6355,15.5
6356,14.8
6357,13.6
6358,12.7
6359,12
6360,11.3
6361,10.8
6362,10.3
6363,10.1
6364,10.8
6365,12.3
6366,13.1
6367,14.2
6368,15.2
6369,15.8
6370,16.8
6371,18.3
6372,18.9
6373,17.8
6374,19.1
6375,18.5
6376,19.8
6377,19.7
6378,18.9
6379,18.3
6380,17.1
6381,12.7
6382,9.7
6383,8.7
6384,11.4
6385,10.3
6386,10.1
6387,1
6388,11.6
6389,13.2
6390,15.1
6391,16.7
6392,17.9
6393,18.3
6394,18.8
6395,17.7
6396,18.7
6397,17.7
6398,17.3
6399,18.6
6400,18.5
6401,18.7
6402,17.6
6403,17.3
6404,15.7
6405,14.5
6406,9.7
6407,8.8
6408,8.4
6409,8.4
6410,8.4
6411,10.7
6412,11.5
6413,13.1
6414,14.7
6415,16.1
6416,17.3
6417,17.5
6418,18.3
6419,17.5
6420,16.1
6421,15.3
6422,18
6423,18.3
6424,17.6
6425,15.8
6426,14.2
6427,13.7
6428,13.5
6429,13.3
6430,13.3
6431,12.6
6432,12.5
6433,11.8
6434,10.7
6435,9.7
6436,11
6437,12.9
6438,13.3
6439,13.8
6440,13.9
6441,14.8
6442,15.8
6443,15.6
6444,14.6
6445,15.8
6446,17
6447,17.6
6448,17.1
6449,16.8
6450,16.2
6451,15.6
6452,14.9
6453,14.4
6454,13.6
6455,13.2
6456,12.9
6457,12.6
6458,12.3
6459,12.1
6460,12.1
6461,12.3
6462,12.4
6463,12.6
6464,13.5
6465,14.6
6466,14.4
6467,16.5
6468,16.4
6469,17.2
6470,16.8
6471,16.7
6472,16
6473,15.1
6474,15.1
6475,15
6476,14
6477,11.5
6478,10.8
6479,9.9
6480,9.6
6481,8.6
6482,8.1
6483,8.9
6484,10.4
6485,11.7
6486,12.7
6487,13.4
6488,14.8
6489,15.3
6490,15.9
6491,16.2
6492,16.9
6493,17.4
6494,17.4
6495,16.4
6496,17.3
6497,15.1
6498,15.1
6499,14.6
6500,12.5
6501,11.8
6502,7.8
6503,6.4
6504,5.6
6505,4
6506,4.1
6507,6
6508,10.3
6509,11.4
6510,13.4
6511,14.1
6512,16.2
6513,16.3
6514,14.9
6515,15.4
6516,15.6
6517,15.9
6518,16.4
6519,16.6
6520,16.1
6521,15.9
6522,15.3
6523,15.1
6524,14.8
6525,14
6526,12.7
6527,13.2
6528,13.2
6529,12.7
6530,11.6
6531,10.8
6532,10.8
6533,11.9
6534,13.3
6535,14.4
6536,15.1
6537,15.7
6538,16.8
6539,17.5
6540,17.8
6541,18.7
6542,18.9
6543,18.5
6544,18.1
6545,18
6546,16.9
6547,16
6548,13.7
6549,13
6550,13.4
6551,14.2
6552,14.7
6553,14.5
6554,14.4
6555,14.7
6556,15
6557,15.3
6558,16.2
6559,18
6560,18.4
6561,17.3
6562,17.6
6563,17.3
6564,19.4
6565,21.8
6566,21.4
6567,21.9
6568,22
6569,21
6570,20.6
6571,19.7
6572,17.1
6573,14.4
6574,12.3
6575,10.7
6576,8.9
6577,8.6
6578,7.5
6579,8.9
6580,10.6
6581,15.1
6582,16.4
6583,18.1
6584,18.7
6585,18.7
6586,17.9
6587,17.5
6588,16.2
6589,16
6590,16.2
6591,15.2
6592,13.8
6593,13.6
6594,12.9
6595,12.8
6596,12.4
6597,12
6598,11.2
6599,10.4
6600,10.4
6601,9.8
6602,9.6
6603,9.4
6604,9.6
6605,9.6
6606,10.3
6607,11.2
6608,11.8
6609,12.8
6610,13.3
6611,14
6612,15.2
6613,15.9
6614,15.9
6615,15.2
6616,15.4
6617,15.6
6618,16.1
6619,15.2
6620,14.5
6621,12.9
6622,11.4
6623,10.1
6624,9.4
6625,8.7
6626,8.2
6627,8.2
6628,8.8
6629,10.4
6630,12.5
6631,14.1
6632,15.7
6633,15.6
6634,17
6635,16.7
6636,18
6637,17.3
6638,16.8
6639,17.4
6640,17.8
6641,16.8
6642,16.6
6643,15.8
6644,14.3
6645,12.6
6646,10.1
6647,9.4
6648,8.1
6649,7.8
6650,7.3
6651,7.1
6652,8
6653,11.3
6654,13.2
6655,14.3
6656,14.9
6657,15.7
6658,16.3
6659,16.3
6660,16.7
6661,16.8
6662,16.8
6663,16.5
6664,16.1
6665,16.2
6666,16.2
6667,15.2
6668,14.2
6669,12.5
6670,12.8
6671,11.6
6672,12.2
6673,12
6674,10.7
6675,12.1
6676,12.6
6677,14
6678,15.1
6679,16.1
6680,16.7
6681,17.1
6682,18.8
6683,19.2
6684,18.1
6685,17.2
6686,12.2
6687,12.8
6688,13.9
6689,14.3
6690,14.1
6691,13.9
6692,13
6693,11.9
6694,9.3
6695,9.7
6696,8.7
6697,10.5
6698,10.4
6699,9.8
6700,10.1
6701,11.2
6702,12.1
6703,13.8
6704,14.5
6705,15.6
6706,16.5
6707,17.6
6708,18.8
6709,19.7
6710,17.7
6711,18.3
6712,17.8
6713,12.7
6714,13.4
6715,13.4
6716,13.2
6717,12.9
6718,12.6
6719,12
6720,12.7
6721,12.6
6722,13.2
6723,13.5
6724,12.7
6725,13
6726,12.9
6727,12.8
6728,12.3
6729,12.1
6730,12.9
6731,11.8
6732,11.9
6733,12
6734,11.4
6735,10.9
6736,10.9
6737,10.3
6738,10.1
6739,9.5
6740,9.1
6741,8.9
6742,9
6743,8.9
6744,9.2
6745,9
6746,9
6747,8.7
6748,8.5
6749,8.8
6750,9.2
6751,8.9
6752,10.3
6753,10.3
6754,10.9
6755,11.3
6756,11.4
6757,12.3
6758,14
6759,13.7
6760,13.9
6761,14.3
6762,14.3
6763,13.7
6764,12.3
6765,10.1
6766,10.4
6767,10.7
6768,1
6769,8.6
6770,7.4
6771,8.3
6772,9.7
6773,12
6774,13.9
6775,15
6776,15.6
6777,16.4
6778,17.4
6779,18.1
6780,17.1
6781,17.7
6782,17.3
6783,17.2
6784,17
6785,16.8
6786,15.4
6787,15
6788,13.7
6789,12.1
6790,11
6791,10.9
6792,10.6
6793,10.2
6794,9.8
6795,9.7
6796,9.6
6797,9.8
6798,10.3
6799,1
6800,11.7
6801,12.2
6802,12.6
6803,12.7
6804,13.4
6805,14.1
6806,14.7
6807,15.3
6808,15.2
6809,14.7
6810,11.7
6811,12.7
6812,12.1
6813,10.9
6814,7.5
6815,7.7
6816,7.1
6817,5.5
6818,6.9
6819,8
6820,8.8
6821,9.7
6822,11.3
6823,12.8
6824,15.4
6825,16.5
6826,17
6827,17.5
6828,17.2
6829,16.3
6830,16.1
6831,15.8
6832,16.9
6833,17.2
6834,16.7
6835,15.7
6836,13.9
6837,13.6
6838,10.4
6839,8.5
6840,10.6
6841,9.8
6842,9.5
6843,9.2
6844,9.1
6845,9.9
6846,11.2
6847,12
6848,12.4
6849,11.6
6850,11.4
6851,12.2
6852,12.5
6853,12.8
6854,13
6855,13.7
6856,13.1
6857,13.8
6858,13.1
6859,12.6
6860,11.2
6861,9.8
6862,6.2
6863,4.5
6864,4.1
6865,1.5
6866,2.3
6867,3.1
6868,6.3
6869,9
6870,11
6871,12.7
6872,14.8
6873,14
6874,13.9
6875,14.6
6876,14.8
6877,15.5
6878,15.9
6879,16.9
6880,17
6881,16.1
6882,15.4
6883,14.5
6884,12.4
6885,9.9
6886,10.2
6887,9.5
6888,10.2
6889,8.9
6890,8.4
6891,7.6
6892,7.9
6893,10.2
6894,13.7
6895,15.3
6896,16.6
6897,15.7
6898,16.1
6899,17.5
6900,17.3
6901,19.1
6902,18.2
6903,18.3
6904,18.2
6905,18
6906,17.2
6907,16.1
6908,15.1
6909,14.3
6910,13.6
6911,12.9
6912,12.8
6913,12.6
6914,12.1
6915,11.9
6916,12.9
6917,13.6
6918,13.6
6919,14.4
6920,15.1
6921,16.5
6922,16.9
6923,18.6
6924,19.7
6925,20.4
6926,20.2
6927,20.3
6928,19.6
6929,14
6930,14.1
6931,14
6932,13.5
6933,12.8
6934,11.4
6935,10.9
6936,11
6937,10.3
6938,8.1
6939,9.6
6940,10.8
6941,13.7
6942,16.1
6943,17.3
6944,18
6945,19.5
6946,20.2
6947,20.9
6948,2
6949,22.4
6950,20.7
6951,20.4
6952,18.9
6953,17.2
6954,17.2
6955,16.3
6956,14.5
6957,13.2
6958,11.6
6959,9.6
6960,11.2
6961,11.9
6962,11.9
6963,11.3
6964,12.2
6965,12.9
6966,13
6967,13.2
6968,14.8
6969,17
6970,19.5
6971,19.9
6972,19.7
6973,21.5
6974,20.3
6975,20.2
6976,19
6977,20.8
6978,19.9
6979,18.8
6980,16.5
6981,13.4
6982,12.5
6983,12.1
6984,10.1
6985,10.2
6986,9.5
6987,9.6
6988,12.3
6989,13.9
6990,15.7
6991,17.2
6992,18.1
6993,19.3
6994,20.1
6995,21.7
6996,21.8
6997,22.2
6998,21.7
6999,21.6
7000,21.8
7001,21.3
7002,20.5
7003,19.5
7004,17.9
7005,15.8
7006,11.3
7007,11.4
7008,1
7009,9.1
7010,7.7
7011,9.3
7012,12.3
7013,14.6
7014,16.6
7015,18.4
7016,19.6
7017,20.9
7018,20.9
7019,22.7
7020,22.3
7021,21.7
7022,22.9
7023,23.9
7024,24.3
7025,23.8
7026
7027
7028,18.9
7029,18.6
7030,13.9
7031,10.7
7032,11.1
7033,9.3
7034,9.4
7035,9.9
7036,11.1
7037,15.8
7038,18.9
7039,20.6
7040,22.8
7041,23.9
7042,23.8
7043,24.6
7044,25.7
7045,25.4
7046,25.6
7047,26.2
7048,25
7049,25.3
7050,24.6
7051,23.4
7052,20.5
7053,18.2
7054,15.2
7055,13.5
7056,11.9
7057,10.3
7058,11
7059,10.2
7060,12.4
7061,16.5
7062,18.9
7063,20.8
7064,22.8
7065,23.8
7066,24.8
7067,25.1
7068,25.4
7069,25.8
7070,25.9
7071,25.7
7072,25.7
7073,26
7074,25
7075,23.2
7076,20.6
7077,17.1
7078,18.4
7079,17.4
7080,13.9
7081,12.7
7082,11.2
7083,12
7084,12.4
7085,15.8
7086,18.5
7087,20.5
7088,22.5
7089,23.4
7090,24.2
7091,25.1
7092,24.9
7093,25.7
7094,26.3
7095,26.3
7096,26.3
7097,25.6
7098,25.1
7099,23.9
7100,22
7101,16.8
7102,16.8
7103,15.1
7104,15.7
7105,13.9
7106,14.8
7107,13.7
7108,15.7
7109,16.9
7110,19.5
7111,21.2
7112,23.3
7113,24.3
7114,25.8
7115,26.7
7116,27.1
7117,26.4
7118,28.4
7119,27.7
7120,28.4
7121,27.2
7122,26.5
7123,24.7
7124,21.3
7125,19
7126,19.3
7127,18.7
7128,16.8
7129,16.7
7130,14.2
7131,13.1
7132,14.6
7133,18.3
7134,19.3
7135,20.4
7136,21.6
7137,23
7138,24.1
7139,25.1
7140,25.7
7141,26.4
7142,26.7
7143,26.5
7144,26.3
7145,26
7146,25.1
7147,24
7148,21.4
7149,18.2
7150,15.7
7151,14.3
7152,12.3
7153,12.4
7154,12.7
7155,12.6
7156,13.9
7157,17.4
7158,21
7159,22.2
7160,23.7
7161,25.6
7162,25.3
7163,25.9
7164,26.5
7165,27.1
7166,27.2
7167,27.3
7168,28.2
7169,27.9
7170,27.7
7171,26
7172,22.7
7173,19.6
7174,18.3
7175,16.2
7176,15.7
7177,15.4
7178,14.5
7179,14.6
7180,16.2
7181,21.4
7182,23.6
7183,25.8
7184,27.3
7185,28.4
7186,28.2
7187
7188
7189,30.9
7190,31.5
7191,31.8
7192,31.4
7193,31.1
7194,30.3
7195,29.3
7196,25.7
7197,24
7198,23
7199,23.5
7200,22.6
7201,21.9
7202,20.1
7203,18
7204,19.6
7205,20.9
7206
7207
7208,25.7
7209,26.1
7210,26.4
7211,25.9
7212,24.2
7213,24.4
7214,23.8
7215,23.4
7216,23.2
7217,21.9
7218,20.9
7219,19.3
7220,17.2
7221,15.7
7222,13.6
7223,12.7
7224,11.1
7225,9
7226,9.3
7227,9
7228,8.3
7229
7230
7231,15.8
7232,16.2
7233,17.1
7234,16.2
7235,16.4
7236,17.3
7237,18.1
7238,17.1
7239,18
7240,17.7
7241
7242
7243,12.5
7244
7245
7246
7247
7248
7249,6.2
7250,4.5
7251,3.7
7252,5.9
7253,8.1
7254,10.6
7255,9.7
7256,10.4
7257,10.6
7258,12
7259,11.9
7260,11.9
7261,12.4
7262,12.5
7263,11.9
7264,11
7265,10.9
7266,10.6
7267,9.3
7268,8.7
7269,8.9
7270,9.4
7271,9.2
7272,9.1
7273,9.6
7274,9.5
7275,9.2
7276,9.3
7277,9.7
7278,10.5
7279,10.7
7280,12
7281,13.2
7282,13.1
7283,14.2
7284,15.3
7285,16.1
7286,15.3
7287,15.5
7288,15.5
7289,14.6
7290,14
7291,12.8
7292,11.8
7293,11.4
7294,11.4
7295,11.3
7296,10.5
7297,10.3
7298,10.2
7299,1
7300,10.4
7301,10.6
7302,11
7303,11.6
7304,12.5
7305,12.8
7306,13
7307,13.2
7308,14.6
7309,15.2
7310,16.6
7311,16.5
7312,16.7
7313,16.9
7314,16.4
7315,14.7
7316,13.9
7317,13.1
7318,13.4
7319,12.3
7320,13.1
7321,11.6
7322,9.5
7323,9.4
7324,9.1
7325,10.9
7326,10.9
7327,11.8
7328,13.3
7329,13.7
7330,13.8
7331,13.4
7332,13.5
7333,15.5
7334,14.2
7335,14.6
7336,14
7337,13.2
7338,13.1
7339,12.2
7340,11.7
7341,10.9
7342,10.8
7343,10.3
7344,9
7345,8.6
7346,8.1
7347,8.2
7348,8.5
7349,8.9
7350,9.5
7351,9.8
7352,10.4
7353,11.4
7354,11.9
7355,13.1
7356,13.5
7357,11.3
7358,12.5
7359,11.6
7360,11.5
7361,11.7
7362,11.8
7363,11.3
7364,9.6
7365,9
7366,9.2
7367,8.6
7368,6.2
7369,5.8
7370,6.5
7371,7.4
7372,7.8
7373,8.4
7374,9.2
7375,11.4
7376,11.9
7377,12.3
7378,12.7
7379,14
7380,15.5
7381,15.7
7382,17
7383,17
7384,16.6
7385,16.2
7386,15.5
7387,13.9
7388,10.5
7389,10.7
7390,9.5
7391,7.3
7392,7.5
7393,6.3
7394,6.8
7395,6.8
7396,7.5
7397,1
7398,13.9
7399,14.1
7400,14.2
7401,15.2
7402,17.3
7403,18.6
7404,19.9
7405,20.4
7406,20.3
7407,20.4
7408,20.1
7409,19.1
7410,17.7
7411,15.7
7412,12.7
7413,10.8
7414,8.4
7415,8.9
7416,8.3
7417,3
7418,3.7
7419,3.1
7420,4
7421,7.3
7422,9.2
7423,10.7
7424,12.4
7425,14.2
7426,15
7427,15.8
7428,17.4
7429,17.5
7430,18.5
7431,18.7
7432,18
7433,17.8
7434,17.4
7435,14.9
7436,12.8
7437,9.6
7438,8.5
7439,6.6
7440,6.7
7441,7.8
7442,6.8
7443,7.5
7444,7.7
7445,9.7
7446,11.5
7447,14
7448,15.9
7449,17.3
7450,18.5
7451,19.8
7452,20.5
7453,2
7454,19.9
7455,20.1
7456,20.3
7457,19.4
7458,18.6
7459,15.2
7460,14.5
7461,14.3
7462,13.7
7463,13.5
7464,12.7
7465,12.4
7466,11.6
7467,11.3
7468,11.3
7469,11.6
7470,11.9
7471,13.1
7472,14.3
7473,16.6
7474,18
7475,18.8
7476,20.6
7477,19.1
7478,18.5
7479,19
7480,19.2
7481,18.4
7482,17.4
7483,15.8
7484,13.4
7485,11.9
7486,10.3
7487,8.2
7488,9.1
7489,9.6
7490,9.7
7491,9
7492,6.7
7493,10.1
7494,13
7495,13.4
7496,16.9
7497,17.5
7498,19.4
7499,19.8
7500,20.6
7501,20.7
7502,21.8
7503,21.2
7504,20.9
7505,20.5
7506
7507
7508,15.3
7509,14.4
7510,11.5
7511,8.8
7512,9.7
7513,8.2
7514,7.9
7515,9.3
7516,6.9
7517,10.2
7518,13.7
7519,16.8
7520,18.5
7521,19.9
7522,20.5
7523,20.2
7524,22.7
7525,22.7
7526,23.5
7527,23.1
7528,23.8
7529,23.1
7530,20.9
7531,18.5
7532,15.6
7533,14.5
7534,13.8
7535,13.6
7536,12.5
7537,11.6
7538,1
7539,9.3
7540,9.5
7541,13.8
7542,15.4
7543,16.7
7544,16.9
7545,17.3
7546,18.5
7547,19.8
7548,19.3
7549,18.7
7550,17.8
7551,17.5
7552,17.2
7553,16.3
7554,14.1
7555,14.3
7556,14.4
7557,14.4
7558,14.3
7559,14.4
7560,14.6
7561,14.6
7562,14.7
7563,14.7
7564,14.9
7565,15.3
7566,15.7
7567,16
7568,16.3
7569,17.5
7570,17.5
7571,16.3
7572,18.7
7573,19.3
7574,19.3
7575,19.8
7576,19.8
7577,18.6
7578,14.4
7579,14.2
7580,13.5
7581,13.1
7582,12.7
7583,12.5
7584,12.2
7585,12.3
7586,11.8
7587,11.5
7588,10.5
7589,12.5
7590,14.1
7591,15.6
7592,16
7593,16.4
7594,17.6
7595,17
7596,17.4
7597,15.2
7598,18.4
7599,17.9
7600,17.7
7601,17
7602,14.8
7603,14.8
7604,13.8
7605,12.9
7606,11.3
7607,11.2
7608,11.4
7609,9.9
7610,8.5
7611,7.6
7612,6.8
7613,9.3
7614,11.5
7615,13.3
7616,14.9
7617,15.3
7618,16.8
7619,13.9
7620,14.9
7621,13.7
7622,12.2
7623,12.8
7624,13.4
7625,12.4
7626,12.4
7627,12.6
7628,11.4
7629,11.1
7630,11.1
7631,10.8
7632,10.5
7633,10.7
7634,10.5
7635,10.6
7636,10.6
7637,10.5
7638,11.3
7639,12.2
7640,12.9
7641,13.2
7642,13.4
7643,13.6
7644,14.6
7645,14.9
7646,14.2
7647,13.1
7648,13.9
7649,13.4
7650,13.2
7651,12.9
7652,12.9
7653,13
7654,12.8
7655,12.9
7656,12.2
7657,11.6
7658,11.8
7659,11.7
7660,10.7
7661,11.1
7662,12.9
7663,14.5
7664,16.2
7665,17.5
7666,17.7
7667,19.2
7668,20.1
7669,20.3
7670,21
7671,21.7
7672,20.6
7673,19.9
7674,18.2
7675,16.8
7676,16.1
7677,14.1
7678,15
7679,14.9
7680,13.7
7681,13.4
7682,13.3
7683,13.1
7684,13.6
7685,14.2
7686,15
7687,16.4
7688,16.7
7689,18.3
7690,20.1
7691,21.7
7692,22.5
7693,21.2
7694,23
7695,22.1
7696,22.1
7697,21.8
7698,20.6
7699,19.4
7700,18.3
7701,15.4
7702,14.6
7703,14
7704,14.8
7705,15.2
7706,15.4
7707,15.1
7708,14.9
7709,15.9
7710,17.4
7711,18
7712,19.7
7713,20.9
7714,21.4
7715,22
7716,22.6
7717,21.2
7718,21.5
7719,20.8
7720,21
7721,20.2
7722,18.9
7723,18
7724,16.6
7725,17.5
7726,17.2
7727,16.8
7728,16.3
7729,15.9
7730,16
7731,15.9
7732,15.6
7733,14.9
7734,13.7
7735,14.1
7736,14.4
7737,14.9
7738,15.4
7739,15.5
7740,15.9
7741,16.6
7742,16.9
7743,17.1
7744,18.5
7745,18.4
7746,17.6
7747,16.7
7748,14.4
7749,13.1
7750,11.7
7751,10.1
7752,8.9
7753,8.9
7754,8.6
7755,8.9
7756,9
7757,11.5
7758,13.5
7759,13.7
7760,15.4
7761,17
7762,18.5
7763,19.2
7764,19
7765,19.1
7766,21.3
7767,20.7
7768,21.1
7769,20.7
7770,18.6
7771,15
7772,12.7
7773,11.7
7774,10.6
7775,10.6
7776,10.4
7777,9.6
7778,9.3
7779,10.5
7780,12.4
7781,12.6
7782,12.9
7783,13.9
7784,15.5
7785,17.4
7786,18.1
7787,18.9
7788,16.8
7789,18.4
7790,19.2
7791,18.9
7792,13
7793,13.9
7794,15.1
7795,13.6
7796,12.6
7797,11.6
7798,10.5
7799,10.5
7800,11.9
7801,8.4
7802,8.1
7803,7.7
7804,7.6
7805,7.9
7806,11.3
7807,11.8
7808,12.9
7809,14
7810,16.6
7811,18.1
7812,18.6
7813,19.2
7814,19.2
7815,19.3
7816,19.2
7817,18.4
7818,17.2
7819,14
7820,11.5
7821,9.4
7822,7.3
7823,6
7824,6.1
7825,5.7
7826,5.8
7827,7.3
7828,7.7
7829,9.4
7830,11.4
7831,12.7
7832,13.4
7833,13.8
7834,15
7835,14.4
7836,16.5
7837,15.3
7838,15.7
7839,15.9
7840,16.2
7841,14.1
7842,13.4
7843,13.2
7844,12.9
7845,12.3
7846,11.5
7847,10.8
7848,12.1
7849,11.8
7850,11.8
7851,11.6
7852,11.6
7853,12
7854,12.2
7855,12.9
7856,13.4
7857,13.2
7858,13.5
7859,15.7
7860,15.3
7861,15.1
7862,14.9
7863,15.5
7864,16
7865,16.1
7866,15.1
7867,13.6
7868,10.3
7869,8.6
7870,10.1
7871,7.7
7872,5.9
7873,5.7
7874,4.6
7875,4.7
7876,4.9
7877,5.5
7878,9.4
7879,11.7
7880,13.9
7881,15.6
7882,16.9
7883,18.5
7884,18.5
7885,19
7886,19.4
7887,19.4
7888,19.2
7889,18.4
7890,17.2
7891,16.3
7892,15.3
7893,15.2
7894,16
7895,16.1
7896,15.9
7897,16
7898,15.8
7899,15.5
7900,15.2
7901,15.3
7902,15.6
7903,16.1
7904,16.5
7905,16.7
7906,17.2
7907,17.6
7908,18.9
7909,19.2
7910,2
7911,19.7
7912,19.1
7913,18
7914,16.8
7915,16
7916,14
7917,12.2
7918,11.9
7919,1
7920,9.1
7921,8
7922,8.1
7923,7.8
7924,7.6
7925,8.5
7926,10.2
7927,15
7928,17.7
7929,19.2
7930,21
7931,21.8
7932,22.6
7933,23.4
7934,24.2
7935,23.5
7936,23.8
7937,22.2
7938,19.7
7939,16.9
7940,15.6
7941,14.2
7942,12.8
7943,12
7944,11.1
7945,11
7946,10.6
7947,10.8
7948,10.5
7949,10.4
7950,13.1
7951,15.3
7952,19.7
7953,21.5
7954,22.5
7955,24
7956,24.3
7957,24.2
7958,25.1
7959,25.1
7960,24.6
7961,23.4
7962,21
7963,18
7964,16.5
7965,15.5
7966,14.7
7967,14.1
7968,14.2
7969,13.3
7970,11.5
7971,10.5
7972,10.5
7973,10.7
7974,14.9
7975,17.1
7976,19.7
7977,21.7
7978,22.5
7979,23.5
7980,24.7
7981,24.2
7982,24.2
7983,24
7984,23.7
7985,22.7
7986,20.2
7987,17
7988,15.8
7989,14.5
7990,13.8
7991,13.5
7992,12.7
7993,12.8
7994,12.9
7995,11.7
7996,12.2
7997,13.9
7998,14.8
7999,14.9
8000,15.2
8001,15.7
8002,16.1
8003,16.5
8004,17.2
8005,17.2
8006,17.4
8007,18.2
8008,19.1
8009,18.7
8010,17.8
8011,16.9
8012,16.5
8013,14.7
8014,14
8015,12.4
8016,11.3
8017,10.8
8018,9.9
8019,9.7
8020,9.3
8021,9.4
8022,11.9
8023,15.5
8024,16.9
8025,18.3
8026,19.7
8027,20.4
8028,20.6
8029,20.9
8030,21.6
8031,21.3
8032,20.5
8033,19.8
8034,19
8035,16.3
8036,14.5
8037,14.4
8038,13.2
8039,12.4
8040,11.9
8041,11
8042,10.2
8043,10.4
8044,9.2
8045,10.1
8046,12.5
8047,15
8048,16.8
8049,17.8
8050,19
8051,19.3
8052,20.7
8053,22.4
8054,22
8055,21.6
8056,21.7
8057,20.8
8058,16.8
8059,15.8
8060,14
8061,13
8062,11.7
8063,12
8064,10.9
8065,9.6
8066,10.5
8067,10.7
8068,11.4
8069,11.2
8070,13.6
8071,15.7
8072,18.4
8073,20.5
8074,21.3
8075,22.3
8076,22.4
8077,22.3
8078,21.9
8079,21.9
8080,21.2
8081,20.7
8082,20.3
8083,16.8
8084,15.5
8085,15.3
8086,12.1
8087,11.9
8088,11.3
8089,10.5
8090,10.1
8091,10.7
8092,10.8
8093,11.6
8094,12.6
8095,13.2
8096,13.4
8097,13.9
8098,15
8099,15.2
8100,16
8101,16.7
8102,16.3
8103,16.4
8104,17
8105,15.8
8106,12.7
8107,12.5
8108,10.7
8109,9.1
8110,7.7
8111,8.2
8112,8.1
8113,8.3
8114,6.3
8115,4.9
8116,4.7
8117,4.9
8118,7.4
8119,10.1
8120,12.5
8121,13.7
8122,14.2
8123,14.6
8124,15.2
8125,16.1
8126,16.9
8127,16.5
8128,14.5
8129,14.9
8130,14
8131,12.5
8132,11
8133,8.7
8134,7.6
8135,7.8
8136,7.8
8137,7.6
8138,8.2
8139,8.1
8140,7.5
8141,7.9
8142,8.7
8143,10.2
8144,11.8
8145,13.5
8146,14.5
8147,15
8148,15.5
8149,16.3
8150,15.6
8151,14.6
8152,14.4
8153,14.8
8154,14.6
8155,14.4
8156,14.7
8157,14.8
8158,14.1
8159,13.1
8160,12.9
8161,12.5
8162,12.3
8163,11.8
8164
8165
8166,12.7
8167,12.7
8168,13.7
8169,15.4
8170,15.1
8171,13.9
8172,13.8
8173,14.5
8174,15.2
8175,15.2
8176,15.5
8177,14.3
8178,11.6
8179,9.6
8180,8.4
8181,9.6
8182,9
8183,7
8184,5.9
8185,6.1
8186,3.6
8187,3.5
8188,2.7
8189,4.2
8190,6.6
8191,1
8192,12.5
8193,13.7
8194,14.2
8195,14.8
8196,15.5
8197,15.4
8198,15.4
8199,15.1
8200,12.4
8201,12.5
8202,12.4
8203,12
8204,11.7
8205,10.9
8206,10.2
8207,11
8208,10.2
8209,1
8210,10.6
8211,10.2
8212,10.4
8213,10.4
8214,11.3
8215,12.7
8216,14.5
8217,16.5
8218,15.6
8219,16.1
8220,17
8221,18.6
8222,18.7
8223,18.4
8224,17.3
8225,16.4
8226,13.8
8227,12.6
8228,11.6
8229,10.6
8230,10.2
8231,9.6
8232,9.3
8233,9.8
8234,11.4
8235,11.4
8236,11.2
8237,11.3
8238,11.8
8239,12.4
8240,12.8
8241,13.9
8242,16.1
8243,15
8244,15.8
8245,16.6
8246,16.6
8247,15.1
8248,14.9
8249,14.8
8250,14.8
8251,14.6
8252,14.5
8253,14.5
8254,14.5
8255,14.6
8256,14.7
8257,14.6
8258,14.7
8259,14.7
8260,14.5
8261,14.3
8262,14.1
8263,14.2
8264,14.3
8265,14.4
8266,15.2
8267,16
8268,17
8269,17.4
8270,19.5
8271,19.4
8272,19.6
8273,18.8
8274,16.5
8275,14.7
8276,13.3
8277,11.6
8278,11
8279,12.3
8280,10.7
8281,12.2
8282,10.2
8283,1
8284,12.3
8285,13.1
8286,13.6
8287,14.7
8288,16.5
8289,17.9
8290,17.6
8291,18
8292,18.6
8293,18
8294,16.7
8295,13.8
8296,13.7
8297,13.4
8298,13.3
8299,13.5
8300,13.8
8301,14
8302,13.8
8303,13.7
8304,13.8
8305,13.9
8306,13.3
8307,13
8308,12.4
8309,12.6
8310,13
8311,13.1
8312,13.2
8313,13.2
8314,13.6
8315,13.8
8316,14
8317,15.5
8318,14.7
8319,14.6
8320,14.4
8321,14
8322,13.9
8323,13.2
8324,12.5
8325,11.9
8326,11.5
8327,11.3
8328,11.8
8329,11.1
8330,11
8331,11.2
8332,11.6
8333
8334
8335,10.6
8336,11.1
8337,11.9
8338
8339
8340,13.8
8341,14.1
8342,14
8343,14.1
8344,13.3
8345,11.8
8346,10.7
8347,9.3
8348,9.3
8349,9.1
8350,8.3
8351,7.9
8352,7.6
8353,7.3
8354,6.9
8355,6.6
8356,6
8357,5.6
8358,6.2
8359,7.2
8360,8.8
8361,9.7
8362,10.6
8363,11.3
8364,11.7
8365,12.4
8366,12.9
8367,12.5
8368,11.8
8369,9.7
8370,8.3
8371,6.3
8372,6
8373,5.2
8374,5.5
8375,2.5
8376,1.3
8377,1.3
8378,1.9
8379,2.4
8380,3.1
8381,3.6
8382,5
8383,6.6
8384,6.5
8385,6.4
8386,6.9
8387,7.3
8388,7.8
8389,8.5
8390,8.8
8391,9.2
8392,9.3
8393,9.9
8394,9
8395,8.8
8396,8.2
8397,7.8
8398,7.9
8399,7.9
8400,7.4
8401,7.2
8402,7.2
8403,7.2
8404,7.3
8405,7.1
8406,7
8407,7.3
8408,7.8
8409,8.2
8410,7.7
8411,8.4
8412,9.4
8413,1
8414,10.1
8415,9.7
8416,9.2
8417,7.9
8418,7.1
8419,7
8420,7.1
8421,6.7
8422,6.2
8423,6
8424,6
8425,6.1
8426,6.3
8427,6
8428,6.1
8429,6.2
8430,6.4
8431,6.6
8432,7.2
8433,7.8
8434,8.5
8435,8.6
8436,8.2
8437,8.5
8438,8.4
8439,8.7
8440,8.5
8441,6.7
8442,6.8
8443,6
8444,6.3
8445,6.1
8446,6.1
8447,5
8448,4.4
8449,3.6
8450,3.4
8451,2.9
8452,2.5
8453,2.9
8454,3.2
8455,4.3
8456,5.7
8457,8.3
8458,7.2
8459,7.9
8460,8.3
8461,8.3
8462,8
8463,8.3
8464,5.5
8465,4.9
8466,3.5
8467,2.8
8468,0.7
8469,0.9
8470,-1.1
8471,-1.3
8472,-1.6
8473,-1.9
8474,-2
8475,-2
8476,-2.4
8477,-2
8478,-1.1
8479,0.6
8480,3.8
8481,6.1
8482,6.1
8483,6.8
8484,7.6
8485,5.8
8486,5.2
8487,5.3
8488,5.1
8489,2.9
8490,3.2
8491,1.6
8492,1.8
8493,0.9
8494,-1.1
8495,-1.1
8496,-1.6
8497,-2.3
8498,-2.5
8499,-3.5
8500,-3.3
8501,-3.6
8502,-2.4
8503,0.3
8504,4.3
8505,6.3
8506,7.8
8507,7.3
8508,8.1
8509,9.1
8510,8.9
8511,8.4
8512,7.5
8513,5.5
8514,4.1
8515,3.5
8516,1.4
8517,0.7
8518,0.5
8519,0.3
8520,0.2
8521,0.1
8522,0.6
8523,1.1
8524,1.6
8525,1.7
8526,2.4
8527,4
8528,5.1
8529,6.6
8530,6.9
8531,7.1
8532,7.6
8533,7.6
8534,7.9
8535,7.5
8536,6.6
8537,6.4
8538,5.3
8539,4.6
8540,3
8541,1.9
8542,2.2
8543,1
8544,0.6
8545,0.6
8546,0.3
8547,0.4
8548,0.1
8549,0.4
8550,0.3
8551,2.2
8552,2.7
8553,4.2
8554,6.4
8555,7.5
8556,8.3
8557,8
8558,6.8
8559,7.3
8560,6.3
8561,3.7
8562,2.9
8563,1
8564,0.3
8565
8566,0.8
8567,-1.8
8568,-0.2
8569,0.1
8570,1.1
8571,1.1
8572,-0.6
8573
8574,0.7
8575,2.7
8576,4.8
8577,6.1
8578,7.1
8579,7.1
8580,8.2
8581,7.5
8582,7
8583,6.9
8584,6.5
8585,4.9
8586,4.2
8587,3.3
8588,1.3
8589,1
8590,0.5
8591,2
8592,1.8
8593,1.2
8594,-0.6
8595,-1.3
8596,-2
8597,-2.4
8598,-1.2
8599,0.2
8600,2.4
8601,5.1
8602,6.2
8603,6.3
8604,5.3
8605,6.5
8606,7
8607,7.3
8608,4.9
8609,4.9
8610,4
8611,3.3
8612,3
8613,2.6
8614,0.8
8615,0.3
8616,-2.3
8617,-1.2
8618,-1.2
8619,-0.7
8620,-0.8
8621,-1
8622,-1.3
8623,0.2
8624,1.8
8625,4.7
8626,6.1
8627,6.5
8628,7.8
8629,7.6
8630,7.9
8631,8.1
8632,5.3
8633,3.7
8634,0.2
8635,-0.8
8636,-1.2
8637,-0.9
8638,-0.1
8639,0.3
8640,0.6
8641,2.7
8642,3.3
8643,3.6
8644,3.6
8645,3.9
8646,4.1
8647,5
8648,6
8649,7.4
8650,7.9
8651,8.9
8652,9.1
8653,9.5
8654,1
8655,1
8656,9.7
8657,9.3
8658,8.9
8659,8.9
8660,8.2
8661,7.9
8662,7.9
8663,7.7
8664,7.2
8665,7.3
8666,7.2
8667,5.9
8668,5.8
8669,6.5
8670,6.1
8671,7.3
8672,8
8673,8.6
8674,9.9
8675,11.4
8676,12.7
8677,12.3
8678,12.3
8679,12.2
8680,11.4
8681,10.2
8682,9.5
8683,9
8684,8.7
8685,8.5
8686,8.3
8687,8.4
8688,8
8689,7.7
8690,7.2
8691,6.8
8692,6.6
8693,6.3
8694,6.7
8695,7.5
8696,8.6
8697,9.4
8698,1
8699,10.5
8700,11.6
8701,11.8
8702,11.1
8703,10.7
8704,10.1
8705,9
8706,8.4
8707,8.1
8708,7.6
8709,7.5
8710,7.5
8711,7
8712,5.5
8713,4.8
8714,5.4
8715,5.9
8716,6.4
8717,6.9
8718,7.2
8719,7.7
8720,8.4
8721,8.8
8722,8.6
8723,8.8
8724,9.2
8725,9.6
8726,9.7
8727,9.9
8728,10.3
8729,9.6
8730,8.9
8731,8.5
8732,8.2
8733,7.6
8734,7.9
8735,8
8736,7.9
8737,7.7
8738,7.5
8739,7.4
8740,7.5
8741,7.4
8742,7.3
8743,7.8
8744,8.5
8745,9
8746,9.5
8747,9.9
8748,10.6
8749,10.9
8750,11.6
8751,10.9
8752,10.9
8753,10.5
8754,10.2
8755,10.2
8756,10.2
8757,10.2
8758,10.1
8759,10.2
8760,10.1
8761,1
