temp,solarpower,rawdata,time,pk
19.4688,667.3,0.0698126,2019-05-15 18:00:00,81176
20.875,456.3,0.0468672,2019-05-15 19:00:00,81177
20.6875,248.8,0.02441,2019-05-15 20:00:00,81178
10.7812,43.0,0.0021969,2019-05-15 21:00:00,81179
6.71875,31.7,0.0009764,2019-05-15 22:00:00,81180
3.375,25.0,0.0002441,2019-05-15 23:00:00,81181
1.34375,24.9,0.0002441,2019-05-16 00:00:00,81182
0.90625,24.9,0.0002441,2019-05-16 01:00:00,81183
0.375,24.9,0.0002441,2019-05-16 02:00:00,81184
-0.59375,24.8,0.0002441,2019-05-16 03:00:00,81185
0.375,27.1,0.0004882,2019-05-16 04:00:00,81186
5.375,49.4,0.0029292,2019-05-16 05:00:00,81187
7.90625,74.0,0.0056143,2019-05-16 06:00:00,81188
15.75,130.7,0.0117168,2019-05-16 07:00:00,81189
17.5938,140.0,0.0126932,2019-05-16 08:00:00,81190
25.75,229.8,0.0224572,2019-05-16 09:00:00,81191
24.1875,435.5,0.0444262,2019-05-16 10:00:00,81192
23.875,543.9,0.056143,2019-05-16 11:00:00,81193
24.6562,802.8,0.0837263,2019-05-16 12:00:00,81194
19.0938,876.2,0.0925139,2019-05-16 13:00:00,81195
19.0625,885.2,0.0934903,2019-05-16 14:00:00,81196
17.7812,1016.4,0.107892,2019-05-16 15:00:00,81197
18.6875,941.1,0.0993487,2019-05-16 16:00:00,81198
22.0938,822.9,0.0864114,2019-05-16 17:00:00,81199
19.3438,660.3,0.0690803,2019-05-16 18:00:00,81200
18.1562,450.3,0.046379,2019-05-16 19:00:00,81201
16.8438,243.1,0.0239218,2019-05-16 20:00:00,81202
10.7812,49.7,0.0029292,2019-05-16 21:00:00,81203
7.84375,34.0,0.0014646,2019-05-16 22:00:00,81204
4.71875,25.0,0.0002441,2019-05-16 23:00:00,81205
2.59375,22.7,0.0002441,2019-05-17 00:00:00,81206
0.6875,24.9,0.0002441,2019-05-17 01:00:00,81207
-0.375,24.8,0,2019-05-17 02:00:00,81208
-1.03125,24.8,0.0002441,2019-05-17 03:00:00,81209
-1.125,27.0,0.0004882,2019-05-17 04:00:00,81210
4.5,44.9,0.002441,2019-05-17 05:00:00,81211
15.875,72.4,0.0053702,2019-05-17 06:00:00,81212
23.4062,91.2,0.007323,2019-05-17 07:00:00,81213
27.2812,105.3,0.0087876,2019-05-17 08:00:00,81214
29.5312,233.2,0.0224572,2019-05-17 09:00:00,81215
29.6875,442.9,0.0449144,2019-05-17 10:00:00,81216
28.1875,649.2,0.0671275,2019-05-17 11:00:00,81217
30,821.8,0.085435,2019-05-17 12:00:00,81218
28.5,909.1,0.095199,2019-05-17 13:00:00,81219
22.625,993.1,0.104719,2019-05-17 14:00:00,81220
22.5938,1006.5,0.106184,2019-05-17 15:00:00,81221
22.5938,941.0,0.0991046,2019-05-17 16:00:00,81222
20.25,821.3,0.0864114,2019-05-17 17:00:00,81223
19.7812,649.5,0.0678598,2019-05-17 18:00:00,81224
21.2188,456.6,0.0468672,2019-05-17 19:00:00,81225
19.6875,248.5,0.02441,2019-05-17 20:00:00,81226
12.9062,49.8,0.0029292,2019-05-17 21:00:00,81227
9.9375,36.3,0.0014646,2019-05-17 22:00:00,81228
7.03125,25.1,0.0002441,2019-05-17 23:00:00,81229
5.09375,22.8,0.0002441,2019-05-18 00:00:00,81230
3.84375,22.8,0.0002441,2019-05-18 01:00:00,81231
2.90625,24.9,0.0002441,2019-05-18 02:00:00,81232
1.125,24.9,0.0002441,2019-05-18 03:00:00,81233
0.625,27.1,0.0004882,2019-05-18 04:00:00,81234
7.0625,49.5,0.0029292,2019-05-18 05:00:00,81235
19.3125,75.0,0.0053702,2019-05-18 06:00:00,81236
22.2812,91.1,0.007323,2019-05-18 07:00:00,81237
24.6875,104.9,0.0087876,2019-05-18 08:00:00,81238
27.2812,234.8,0.0227013,2019-05-18 09:00:00,81239
33.375,449.5,0.0454026,2019-05-18 10:00:00,81240
32.6562,652.7,0.0673716,2019-05-18 11:00:00,81241
34.0938,823.3,0.0849468,2019-05-18 12:00:00,81242
33.75,946.7,0.0981282,2019-05-18 13:00:00,81243
28.9688,1007.5,0.105207,2019-05-18 14:00:00,81244
27,1009.7,0.105939,2019-05-18 15:00:00,81245
27.2188,937.1,0.0981282,2019-05-18 16:00:00,81246
28,815.2,0.0849468,2019-05-18 17:00:00,81247
26.625,654.9,0.0678598,2019-05-18 18:00:00,81248
26.2188,445.7,0.0454026,2019-05-18 19:00:00,81249
25.125,241.1,0.0234336,2019-05-18 20:00:00,81250
18.875,56.9,0.0036615,2019-05-18 21:00:00,81251
14.6562,36.5,0.0014646,2019-05-18 22:00:00,81252
10.7812,25.2,0.0004882,2019-05-18 23:00:00,81253
8.0625,25.1,0,2019-05-19 00:00:00,81254
6.59375,25.1,0,2019-05-19 01:00:00,81255
5.4375,22.8,0.0002441,2019-05-19 02:00:00,81256
4.78125,22.8,0.0002441,2019-05-19 03:00:00,81257
4.5,27.2,0.0004882,2019-05-19 04:00:00,81258
11.125,49.7,0.0029292,2019-05-19 05:00:00,81259
16.6562,74.7,0.0056143,2019-05-19 06:00:00,81260
24.1562,95.8,0.0078112,2019-05-19 07:00:00,81261
26.5,109.7,0.0092758,2019-05-19 08:00:00,81262
33.1875,241.1,0.0234336,2019-05-19 09:00:00,81263
33.0938,444.8,0.0449144,2019-05-19 10:00:00,81264
35.125,682.1,0.0700567,2019-05-19 11:00:00,81265
36.8438,858.4,0.0883642,2019-05-19 12:00:00,81266
36.9688,980.3,0.101302,2019-05-19 13:00:00,81267
31.4375,631.3,0.0646865,2019-05-19 14:00:00,81268
29.7812,832.8,0.0868996,2019-05-19 15:00:00,81269
28.875,433.4,0.043938,2019-05-19 16:00:00,81270
29.0938,410.7,0.0417411,2019-05-19 17:00:00,81271
29.6562,645.7,0.0668834,2019-05-19 18:00:00,81272
28.7188,383.2,0.0388119,2019-05-19 19:00:00,81273
22.875,100.2,0.0082994,2019-05-19 20:00:00,81274
21.0938,57.1,0.0036615,2019-05-19 21:00:00,81275
19.0625,27.7,0.0004882,2019-05-19 22:00:00,81276
19.3125,25.5,0.0002441,2019-05-19 23:00:00,81277
18,25.4,0,2019-05-20 00:00:00,81278
16.8125,25.4,0,2019-05-20 01:00:00,81279
15.6875,23.1,0.0002441,2019-05-20 02:00:00,81280
14.625,23.1,0,2019-05-20 03:00:00,81281
12.9688,25.3,0.0002441,2019-05-20 04:00:00,81282
12.75,29.7,0.0007323,2019-05-20 05:00:00,81283
12.6875,29.7,0.0007323,2019-05-20 06:00:00,81284
13.4375,45.4,0.002441,2019-05-20 07:00:00,81285
15.2812,72.4,0.0053702,2019-05-20 08:00:00,81286
18.375,124.4,0.0109845,2019-05-20 09:00:00,81287
21.5312,185.8,0.0175752,2019-05-20 10:00:00,81288
24.1875,363.1,0.036615,2019-05-20 11:00:00,81289
30.0938,814.8,0.0847027,2019-05-20 12:00:00,81290
32.3125,1006.9,0.104475,2019-05-20 13:00:00,81291
30.0938,637.1,0.0654188,2019-05-20 14:00:00,81292
28.4375,408.1,0.0412529,2019-05-20 15:00:00,81293
23.75,179.5,0.0168429,2019-05-20 16:00:00,81294
24.5938,394.9,0.0400324,2019-05-20 17:00:00,81295
28.4062,337.5,0.0336858,2019-05-20 18:00:00,81296
24.5625,168.3,0.0156224,2019-05-20 19:00:00,81297
23.3125,129.6,0.0114727,2019-05-20 20:00:00,81298
20.4062,59.3,0.0039056,2019-05-20 21:00:00,81299
17.3125,36.6,0.0014646,2019-05-20 22:00:00,81300
16.1875,27.6,0.0004882,2019-05-20 23:00:00,81301
13.8438,23.1,0.0002441,2019-05-21 00:00:00,81302
12.75,23.0,0.0002441,2019-05-21 01:00:00,81303
11.5938,25.2,0,2019-05-21 02:00:00,81304
10.9375,23.0,0.0002441,2019-05-21 03:00:00,81305
10.25,27.4,0.0004882,2019-05-21 04:00:00,81306
10.8125,38.6,0.0019528,2019-05-21 05:00:00,81307
12.4062,63.2,0.0043938,2019-05-21 06:00:00,81308
13.875,63.3,0.0046379,2019-05-21 07:00:00,81309
30.2188,126.2,0.0109845,2019-05-21 08:00:00,81310
31.3125,247.4,0.0239218,2019-05-21 09:00:00,81311
34.2188,481.9,0.04882,2019-05-21 10:00:00,81312
32.4062,478.6,0.04882,2019-05-21 11:00:00,81313
30.6875,662.7,0.068348,2019-05-21 12:00:00,81314
24.9062,578.7,0.0598045,2019-05-21 13:00:00,81315
25.1562,1066.4,0.112774,2019-05-21 14:00:00,81316
24.25,816.0,0.085435,2019-05-21 15:00:00,81317
24.5938,897.9,0.0944667,2019-05-21 16:00:00,81318
23,710.8,0.0744505,2019-05-21 17:00:00,81319
21.0625,630.2,0.0654188,2019-05-21 18:00:00,81320
20.3438,444.9,0.0454026,2019-05-21 19:00:00,81321
19.125,237.0,0.0231895,2019-05-21 20:00:00,81322
13.75,90.1,0.007323,2019-05-21 21:00:00,81323
10.3438,38.5,0.0017087,2019-05-21 22:00:00,81324
7.28125,27.3,0.0002441,2019-05-21 23:00:00,81325
6.53125,22.8,0.0002441,2019-05-22 00:00:00,81326
5.71875,22.8,0.0002441,2019-05-22 01:00:00,81327
5.3125,25.0,0,2019-05-22 02:00:00,81328
4.625,25.0,0.0002441,2019-05-22 03:00:00,81329
4.96875,27.2,0.0004882,2019-05-22 04:00:00,81330
7.125,31.7,0.0009764,2019-05-22 05:00:00,81331
8.78125,45.1,0.002441,2019-05-22 06:00:00,81332
17.2812,122.0,0.0104963,2019-05-22 07:00:00,81333
15.3125,148.6,0.0136696,2019-05-22 08:00:00,81334
15.0312,148.5,0.0136696,2019-05-22 09:00:00,81335
13.5938,85.7,0.0068348,2019-05-22 10:00:00,81336
16.0625,130.8,0.0117168,2019-05-22 11:00:00,81337
17.9062,209.7,0.0202603,2019-05-22 12:00:00,81338
22.0312,432.1,0.0441821,2019-05-22 13:00:00,81339
21.625,822.6,0.0864114,2019-05-22 14:00:00,81340
19.7812,874.8,0.0922698,2019-05-22 15:00:00,81341
18.8125,756.7,0.0793325,2019-05-22 16:00:00,81342
18.3438,749.7,0.0790884,2019-05-22 17:00:00,81343
18.3438,554.0,0.0573635,2019-05-22 18:00:00,81344
16.5625,406.8,0.0417411,2019-05-22 19:00:00,81345
14.7812,202.2,0.019528,2019-05-22 20:00:00,81346
11.1875,83.2,0.0063466,2019-05-22 21:00:00,81347
8.09375,42.9,0.0021969,2019-05-22 22:00:00,81348
6.71875,27.3,0.0002441,2019-05-22 23:00:00,81349
6.4375,25.1,0.0002441,2019-05-23 00:00:00,81350
6.21875,25.1,0.0002441,2019-05-23 01:00:00,81351
8.25,22.9,0,2019-05-23 02:00:00,81352
7.8125,25.1,0,2019-05-23 03:00:00,81353
7.34375,31.7,0.0009764,2019-05-23 04:00:00,81354
6.9375,36.2,0.0014646,2019-05-23 05:00:00,81355
7.25,67.2,0.004882,2019-05-23 06:00:00,81356
7.5625,98.4,0.0080553,2019-05-23 07:00:00,81357
7.5625,98.3,0.0082994,2019-05-23 08:00:00,81358
8.65625,151.8,0.0141578,2019-05-23 09:00:00,81359
10.5,190.0,0.0183075,2019-05-23 10:00:00,81360
11.4375,196.9,0.0190398,2019-05-23 11:00:00,81361
14.3438,253.6,0.0251423,2019-05-23 12:00:00,81362
13.1562,324.7,0.0329535,2019-05-23 13:00:00,81363
14.75,300.7,0.0302684,2019-05-23 14:00:00,81364
14.9062,222.4,0.0217249,2019-05-23 15:00:00,81365
16.7812,249.8,0.02441,2019-05-23 16:00:00,81366
13.4375,134.8,0.012205,2019-05-23 17:00:00,81367
15.0938,135.1,0.012205,2019-05-23 18:00:00,81368
13.8438,90.2,0.007323,2019-05-23 19:00:00,81369
12.625,81.1,0.0063466,2019-05-23 20:00:00,81370
9.53125,51.9,0.0031733,2019-05-23 21:00:00,81371
8.375,31.8,0.0009764,2019-05-23 22:00:00,81372
7.46875,25.1,0.0002441,2019-05-23 23:00:00,81373
6.875,25.1,0,2019-05-24 00:00:00,81374
6.5625,22.8,0.0002441,2019-05-24 01:00:00,81375
5.96875,22.8,0.0002441,2019-05-24 02:00:00,81376
5.59375,25.0,0.0002441,2019-05-24 03:00:00,81377
5.5,25.0,0.0002441,2019-05-24 04:00:00,81378
5.375,31.7,0.0007323,2019-05-24 05:00:00,81379
5.5,36.1,0.0014646,2019-05-24 06:00:00,81380
5.75,42.8,0.002441,2019-05-24 07:00:00,81381
6.59375,56.1,0.0036615,2019-05-24 08:00:00,81382
6.75,67.2,0.0046379,2019-05-24 09:00:00,81383
7.125,67.2,0.004882,2019-05-24 10:00:00,81384
8.90625,129.6,0.0119609,2019-05-24 11:00:00,81385
8.6875,80.7,0.0063466,2019-05-24 12:00:00,81386
9.1875,91.9,0.0075671,2019-05-24 13:00:00,81387
10.3125,100.9,0.0085435,2019-05-24 14:00:00,81388
10.3125,98.7,0.0082994,2019-05-24 15:00:00,81389
10.1875,83.1,0.0065907,2019-05-24 16:00:00,81390
10.7188,83.1,0.0063466,2019-05-24 17:00:00,81391
11,105.4,0.0090317,2019-05-24 18:00:00,81392
11.5312,125.6,0.0112286,2019-05-24 19:00:00,81393
9.3125,63.0,0.0043938,2019-05-24 20:00:00,81394
8.53125,49.6,0.0026851,2019-05-24 21:00:00,81395
8.46875,45.1,0.002441,2019-05-24 22:00:00,81396
7.5,29.5,0.0007323,2019-05-24 23:00:00,81397
6.96875,25.1,0.0002441,2019-05-25 00:00:00,81398
6.53125,25.1,0.0002441,2019-05-25 01:00:00,81399
6.53125,22.8,0.0002441,2019-05-25 02:00:00,81400
6.03125,25.0,0,2019-05-25 03:00:00,81401
5.8125,27.3,0.0004882,2019-05-25 04:00:00,81402
5.96875,33.9,0.0012205,2019-05-25 05:00:00,81403
6.25,36.1,0.0014646,2019-05-25 06:00:00,81404
6.78125,67.2,0.004882,2019-05-25 07:00:00,81405
7,78.3,0.0063466,2019-05-25 08:00:00,81406
8.09375,89.5,0.007323,2019-05-25 09:00:00,81407
9.65625,129.8,0.0117168,2019-05-25 10:00:00,81408
7.84375,129.5,0.0117168,2019-05-25 11:00:00,81409
9.4375,145.3,0.0134255,2019-05-25 12:00:00,81410
9.5625,241.0,0.0239218,2019-05-25 13:00:00,81411
10.4062,285.8,0.0288038,2019-05-25 14:00:00,81412
8.78125,205.2,0.0202603,2019-05-25 15:00:00,81413
8.5625,209.6,0.0205044,2019-05-25 16:00:00,81414
8.28125,216.2,0.0212367,2019-05-25 17:00:00,81415
7.90625,133.9,0.012205,2019-05-25 18:00:00,81416
7.96875,102.8,0.0087876,2019-05-25 19:00:00,81417
5.9375,62.7,0.0043938,2019-05-25 20:00:00,81418
5.84375,45.0,0.002441,2019-05-25 21:00:00,81419
5.9375,33.9,0.0012205,2019-05-25 22:00:00,81420
4.96875,27.2,0.0002441,2019-05-25 23:00:00,81421
4.78125,25.0,0.0002441,2019-05-26 00:00:00,81422
4.78125,25.0,0,2019-05-26 01:00:00,81423
4.78125,22.8,0,2019-05-26 02:00:00,81424
4.40625,22.8,0.0002441,2019-05-26 03:00:00,81425
4.78125,25.0,0.0004882,2019-05-26 04:00:00,81426
5.03125,31.7,0.0009764,2019-05-26 05:00:00,81427
6.15625,51.6,0.0031733,2019-05-26 06:00:00,81428
7.8125,58.4,0.0039056,2019-05-26 07:00:00,81429
10.625,132.1,0.0119609,2019-05-26 08:00:00,81430
11.7188,139.0,0.0126932,2019-05-26 09:00:00,81431
13.875,141.6,0.0131814,2019-05-26 10:00:00,81432
12,96.6,0.0080553,2019-05-26 11:00:00,81433
18.9688,315.8,0.031733,2019-05-26 12:00:00,81434
14.5625,155.2,0.014646,2019-05-26 13:00:00,81435
18.7188,380.9,0.0388119,2019-05-26 14:00:00,81436
20.0938,512.3,0.0527256,2019-05-26 15:00:00,81437
19.0625,246.0,0.0241659,2019-05-26 16:00:00,81438
19.4688,919.5,0.0973959,2019-05-26 17:00:00,81439
17.7812,542.3,0.0563871,2019-05-26 18:00:00,81440
17.3125,571.1,0.0595604,2019-05-26 19:00:00,81441
15.25,238.1,0.0234336,2019-05-26 20:00:00,81442
10.3125,92.0,0.0078112,2019-05-26 21:00:00,81443
7.625,58.4,0.0036615,2019-05-26 22:00:00,81444
6.4375,31.7,0.0009764,2019-05-26 23:00:00,81445
5.0625,25.0,0.0002441,2019-05-27 00:00:00,81446
3.78125,22.8,0.0002441,2019-05-27 01:00:00,81447
2.96875,25.0,0,2019-05-27 02:00:00,81448
1.65625,24.9,0.0002441,2019-05-27 03:00:00,81449
1.3125,29.3,0.0007323,2019-05-27 04:00:00,81450
4.34375,44.9,0.002441,2019-05-27 05:00:00,81451
11.875,58.7,0.0039056,2019-05-27 06:00:00,81452
22.875,143.2,0.0129373,2019-05-27 07:00:00,81453
17.25,148.9,0.0134255,2019-05-27 08:00:00,81454
21.4375,233.2,0.0227013,2019-05-27 09:00:00,81455
21.1875,634.7,0.0661511,2019-05-27 11:00:00,81456
16.625,171.2,0.0161106,2019-05-27 13:00:00,81457
27.0938,1043.9,0.109601,2019-05-27 14:00:00,81458
24.3438,1087.9,0.114483,2019-05-27 16:00:00,81459
21.7188,264.8,0.0258746,2019-05-27 17:00:00,81460
28.375,638.0,0.0654188,2019-05-27 18:00:00,81461
22.5,228.9,0.0224572,2019-05-27 19:00:00,81462
21.625,210.6,0.0200162,2019-05-27 20:00:00,81463
14.1562,96.9,0.0080553,2019-05-27 21:00:00,81464
6.71875,31.7,0.0007323,2019-05-27 23:00:00,81465
4.375,25.0,0.0002441,2019-05-28 00:00:00,81466
3.5625,25.0,0.0002441,2019-05-28 01:00:00,81467
2.09375,22.7,0,2019-05-28 02:00:00,81468
1.625,24.9,0.0002441,2019-05-28 03:00:00,81469
3,36.0,0.0012205,2019-05-28 04:00:00,81470
4.8125,49.3,0.0029292,2019-05-28 05:00:00,81471
10.375,98.7,0.0082994,2019-05-28 06:00:00,81472
11.5,114.4,0.0100081,2019-05-28 07:00:00,81473
15.3438,173.2,0.0163547,2019-05-28 08:00:00,81474
10.9062,78.7,0.0061025,2019-05-28 09:00:00,81475
13.9688,199.8,0.0190398,2019-05-28 10:00:00,81476
16.2812,229.5,0.0227013,2019-05-28 11:00:00,81477
14.625,157.4,0.014646,2019-05-28 12:00:00,81478
17.2812,211.8,0.0205044,2019-05-28 13:00:00,81479
21.5,269.3,0.0266069,2019-05-28 15:00:00,81480
22.75,387.3,0.0393001,2019-05-28 16:00:00,81481
23.9688,795.4,0.0832381,2019-05-28 17:00:00,81482
14.5312,63.4,0.0043938,2019-05-28 18:00:00,81483
11.5938,54.2,0.0034174,2019-05-28 19:00:00,81484
13.0625,76.6,0.0058584,2019-05-28 20:00:00,81485
12.1875,36.4,0.0014646,2019-05-28 22:00:00,81486
10.4375,29.6,0.0009764,2019-05-28 23:00:00,81487
9.53125,25.2,0.0002441,2019-05-29 00:00:00,81488
8.8125,22.9,0,2019-05-29 01:00:00,81489
8.78125,25.1,0,2019-05-29 02:00:00,81490
9.03125,22.9,0.0002441,2019-05-29 03:00:00,81491
8.625,27.3,0.0007323,2019-05-29 04:00:00,81492
9.0625,36.3,0.0014646,2019-05-29 05:00:00,81493
10.2812,54.1,0.0034174,2019-05-29 06:00:00,81494
11.375,85.4,0.0068348,2019-05-29 07:00:00,81495
11.1562,65.3,0.0043938,2019-05-29 08:00:00,81496
12.8125,107.9,0.0092758,2019-05-29 09:00:00,81497
14.1562,204.3,0.0197721,2019-05-29 10:00:00,81498
23.4688,731.6,0.0764033,2019-05-29 11:00:00,81499
24.9062,1023.2,0.107892,2019-05-29 12:00:00,81500
26.75,214.3,0.0205044,2019-05-29 13:00:00,81501
27.9062,244.1,0.0234336,2019-05-29 14:00:00,81502
20.9688,1151.1,0.12205,2019-05-29 15:00:00,81503
12.0938,121.2,0.0109845,2019-05-29 16:00:00,81504
20.3438,839.3,0.0883642,2019-05-29 17:00:00,81505
21.9375,696.4,0.0727418,2019-05-29 18:00:00,81506
14.6875,99.2,0.0082994,2019-05-29 19:00:00,81507
13.8125,96.9,0.0080553,2019-05-29 20:00:00,81508
9.84375,54.1,0.0034174,2019-05-29 21:00:00,81509
7.21875,31.7,0.0009764,2019-05-29 22:00:00,81510
6.1875,25.1,0.0002441,2019-05-29 23:00:00,81511
6.6875,25.1,0.0002441,2019-05-30 00:00:00,81512
5.46875,25.0,0,2019-05-30 01:00:00,81513
4.53125,25.0,0.0002441,2019-05-30 02:00:00,81514
3.9375,25.0,0.0002441,2019-05-30 03:00:00,81515
6.71875,40.6,0.0017087,2019-05-30 04:00:00,81516
13.2812,61.0,0.0043938,2019-05-30 05:00:00,81517
20.25,81.8,0.0063466,2019-05-30 06:00:00,81518
20.5,95.4,0.0078112,2019-05-30 07:00:00,81519
23.2812,109.3,0.0092758,2019-05-30 08:00:00,81520
26.625,250.6,0.02441,2019-05-30 09:00:00,81521
27.2188,464.4,0.0473554,2019-05-30 10:00:00,81522
25.0312,689.9,0.0717654,2019-05-30 11:00:00,81523
27.6562,971.8,0.101546,2019-05-30 12:00:00,81524
24.3438,974.6,0.102522,2019-05-30 13:00:00,81525
24.3125,798.0,0.0834822,2019-05-30 14:00:00,81526
25.0625,1048.1,0.110333,2019-05-30 15:00:00,81527
24.8125,952.7,0.100081,2019-05-30 16:00:00,81528
22.4375,726.1,0.0759151,2019-05-30 17:00:00,81529
17.7188,247.9,0.02441,2019-05-30 18:00:00,81530
15,141.8,0.0129373,2019-05-30 19:00:00,81531
10.7188,58.6,0.0039056,2019-05-30 20:00:00,81532
8.875,38.5,0.0017087,2019-05-30 21:00:00,81533
7.3125,31.7,0.0009764,2019-05-30 22:00:00,81534
7.1875,27.3,0.0004882,2019-05-30 23:00:00,81535
6.84375,25.1,0.0002441,2019-05-31 00:00:00,81536
6.53125,25.1,0.0002441,2019-05-31 01:00:00,81537
6.34375,25.1,0,2019-05-31 02:00:00,81538
6.375,25.1,0.0002441,2019-05-31 03:00:00,81539
6.8125,25.1,0.0002441,2019-05-31 04:00:00,81540
7.125,31.7,0.0009764,2019-05-31 05:00:00,81541
6.84375,38.4,0.0017087,2019-05-31 06:00:00,81542
14.7188,88.0,0.0070789,2019-05-31 07:00:00,81543
16.125,101.6,0.0085435,2019-05-31 08:00:00,81544
23.2188,276.7,0.0273392,2019-06-03 10:00:00,81545
20.0625,239.5,0.0234336,2019-06-03 11:00:00,81546
14.3125,152.8,0.0141578,2019-06-03 12:00:00,81547
12.5938,143.6,0.0131814,2019-06-03 13:00:00,81548
12.1562,110.0,0.0095199,2019-06-03 14:00:00,81549
11.3125,78.7,0.0061025,2019-06-03 15:00:00,81550
11,65.3,0.0046379,2019-06-03 16:00:00,81551
12.4688,136.9,0.0124491,2019-06-03 17:00:00,81552
13.4688,90.1,0.007323,2019-06-03 18:00:00,81553
13.3438,85.6,0.0068348,2019-06-03 19:00:00,81554
12.4062,45.3,0.002441,2019-06-03 20:00:00,81555
12.4375,40.9,0.0019528,2019-06-03 21:00:00,81556
11.4375,29.7,0.0007323,2019-06-03 22:00:00,81557
11,25.2,0.0002441,2019-06-03 23:00:00,81558
10.9688,25.2,0.0002441,2019-06-04 00:00:00,81559
10.875,25.2,0.0002441,2019-06-04 01:00:00,81560
9.4375,22.9,0.0002441,2019-06-04 02:00:00,81561
10.0312,25.2,0.0002441,2019-06-04 03:00:00,81562
10,31.8,0.0009764,2019-06-04 04:00:00,81563
10.1562,38.5,0.0017087,2019-06-04 05:00:00,81564
10.75,40.8,0.0019528,2019-06-04 06:00:00,81565
13.6562,92.4,0.0075671,2019-06-04 07:00:00,81566
24.5,163.8,0.0151342,2019-06-04 08:00:00,81567
30,256.1,0.0248982,2019-06-04 09:00:00,81568
30.6875,518.8,0.0519933,2019-06-04 10:00:00,81569
29.0312,652.3,0.0698126,2019-06-04 11:00:00,81570
33.3438,499.8,0.0483318,2019-06-04 12:00:00,81571
31.6562,914.7,0.095199,2019-06-05 16:00:00,81572
28.3125,703.9,0.0729859,2019-06-05 17:00:00,81573
26.9062,486.9,0.0497964,2019-06-05 18:00:00,81574
28,435.2,0.043938,2019-06-05 19:00:00,81575
21.4062,88.7,0.007323,2019-06-05 20:00:00,81576
19.375,45.7,0.002441,2019-06-05 21:00:00,81577
16.9062,29.9,0.0007323,2019-06-05 22:00:00,81578
16.5312,27.6,0.0004882,2019-06-05 23:00:00,81579
16.4375,25.4,0.0002441,2019-06-06 00:00:00,81580
15.0625,25.3,0.0002441,2019-06-06 01:00:00,81581
13.0312,25.3,0.0002441,2019-06-06 02:00:00,81582
12.8125,25.3,0.0002441,2019-06-06 03:00:00,81583
13.1875,32.0,0.0009764,2019-06-06 04:00:00,81584
17.6875,52.4,0.0034174,2019-06-06 05:00:00,81585
26.5312,80.2,0.0061025,2019-06-06 06:00:00,81586
28.6875,105.4,0.0087876,2019-06-06 07:00:00,81587
32.9062,133.4,0.0117168,2019-06-06 08:00:00,81588
35.2812,193.5,0.0180634,2019-06-06 09:00:00,81589
36.3125,471.8,0.0475995,2019-06-06 10:00:00,81590
36.4062,685.5,0.0703008,2019-06-06 11:00:00,81591
38.7188,756.4,0.0776238,2019-06-06 12:00:00,81592
40.375,928.7,0.0954431,2019-06-06 13:00:00,81593
40.4062,970.4,0.100081,2019-06-06 14:00:00,81594
33.875,733.7,0.075671,2019-06-06 17:00:00,81595
34.0625,605.7,0.0620014,2019-06-06 18:00:00,81596
32.2812,430.6,0.0434498,2019-06-06 19:00:00,81597
30.6875,251.8,0.02441,2019-06-06 20:00:00,81598
27.5938,109.9,0.0092758,2019-06-06 21:00:00,81599
22.0938,54.9,0.0031733,2019-06-06 22:00:00,81600
19.4688,36.7,0.0012205,2019-06-06 23:00:00,81601
17.1875,27.6,0.0004882,2019-06-07 00:00:00,81602
16.0312,25.4,0.0002441,2019-06-07 01:00:00,81603
15.1875,25.3,0.0002441,2019-06-07 02:00:00,81604
15.2188,27.6,0.0004882,2019-06-07 03:00:00,81605
16.25,34.3,0.0012205,2019-06-07 04:00:00,81606
21.6562,52.6,0.0034174,2019-06-07 05:00:00,81607
28.2188,82.6,0.0063466,2019-06-07 06:00:00,81608
28.9375,105.5,0.0087876,2019-06-07 07:00:00,81609
34.3438,131.3,0.0114727,2019-06-07 08:00:00,81610
38.5312,254.1,0.02441,2019-06-07 09:00:00,81611
42.25,421.8,0.0419852,2019-06-07 10:00:00,81612
44.5312,636.5,0.0644424,2019-06-07 11:00:00,81613
40.6875,217.8,0.0205044,2019-06-07 12:00:00,81614
38.875,788.9,0.0815294,2019-06-07 13:00:00,81615
38.1562,244.8,0.0234336,2019-06-07 15:00:00,81616
18.4375,63.7,0.0043938,2019-06-07 18:00:00,81617
18.0625,56.9,0.0036615,2019-06-07 19:00:00,81618
26.9375,268.8,0.0263628,2019-06-07 20:00:00,81619
22.7188,129.6,0.0114727,2019-06-07 21:00:00,81620
19.4375,48.0,0.0026851,2019-06-07 22:00:00,81621
17.9688,32.2,0.0009764,2019-06-07 23:00:00,81622
15.9375,25.4,0.0002441,2019-06-08 00:00:00,81623
15.4375,25.3,0,2019-06-08 01:00:00,81624
14.9688,25.3,0.0002441,2019-06-08 02:00:00,81625
14.9062,27.6,0.0004882,2019-06-08 03:00:00,81626
16.125,36.6,0.0014646,2019-06-08 04:00:00,81627
20.125,54.8,0.0034174,2019-06-08 05:00:00,81628
26.7812,77.9,0.0058584,2019-06-08 06:00:00,81629
24.5,134.4,0.0117168,2019-06-08 07:00:00,81630
29.1875,130.5,0.0114727,2019-06-08 08:00:00,81631
36.7188,274.3,0.0266069,2019-06-08 09:00:00,81632
37,433.0,0.0434498,2019-06-08 10:00:00,81633
36,611.6,0.0624896,2019-06-08 11:00:00,81634
35.625,202.8,0.0187957,2019-06-08 12:00:00,81635
33.3438,316.7,0.0312448,2019-06-08 13:00:00,81636
38.4375,645.6,0.0663952,2019-06-08 14:00:00,81637
35.3438,143.0,0.0126932,2019-06-08 15:00:00,81638
31.1562,998.8,0.104231,2019-06-08 16:00:00,81639
34.9688,789.8,0.0815294,2019-06-08 17:00:00,81640
35.625,739.9,0.0761592,2019-06-08 18:00:00,81641
32.875,451.5,0.0458908,2019-06-08 19:00:00,81642
32.3438,265.9,0.0258746,2019-06-08 20:00:00,81643
29.4688,196.7,0.0185516,2019-06-08 21:00:00,81644
26.0312,159.6,0.0144019,2019-06-08 22:00:00,81645
20.2812,50.3,0.0029292,2019-06-08 23:00:00,81646
18.2188,27.7,0.0004882,2019-06-09 00:00:00,81647
16.75,25.4,0.0002441,2019-06-09 01:00:00,81648
16.5625,25.4,0.0002441,2019-06-09 02:00:00,81649
15.9375,27.6,0.0004882,2019-06-09 03:00:00,81650
16.0625,34.3,0.0014646,2019-06-09 04:00:00,81651
18.0312,45.6,0.002441,2019-06-09 05:00:00,81652
25.25,82.3,0.0061025,2019-06-09 06:00:00,81653
27.0312,121.1,0.0107404,2019-06-09 07:00:00,81654
24.875,129.9,0.0114727,2019-06-09 08:00:00,81655
19.125,27.7,0.0004882,2019-06-09 09:00:00,81656
17.6875,117.5,0.0102522,2019-06-09 10:00:00,81657
23,276.6,0.0273392,2019-06-09 11:00:00,81658
26.3438,286.8,0.0283156,2019-06-09 12:00:00,81659
29.375,1049.0,0.109601,2019-06-09 13:00:00,81660
31.0625,1019.1,0.106428,2019-06-09 14:00:00,81661
30.25,1095.7,0.114727,2019-06-09 15:00:00,81662
30.1875,963.3,0.100569,2019-06-09 16:00:00,81663
30.125,933.7,0.095199,2019-06-09 17:00:00,81664
31.25,809.1,0.0842145,2019-06-09 18:00:00,81665
22.125,118.2,0.0102522,2019-06-09 19:00:00,81666
21.75,93.3,0.0075671,2019-06-09 20:00:00,81667
18.125,117.6,0.0102522,2019-06-09 21:00:00,81668
16.2188,43.3,0.0021969,2019-06-09 22:00:00,81669
13.6875,32.0,0.0009764,2019-06-09 23:00:00,81670
12.0312,27.5,0.0004882,2019-06-10 00:00:00,81671
11.2188,25.2,0.0002441,2019-06-10 01:00:00,81672
11.125,25.2,0.0002441,2019-06-10 02:00:00,81673
10.7812,27.4,0.0004882,2019-06-10 03:00:00,81674
13.625,43.2,0.0021969,2019-06-10 04:00:00,81675
18.5,79.4,0.0061025,2019-06-10 05:00:00,81676
23.9375,82.2,0.0063466,2019-06-10 06:00:00,81677
23.8438,104.8,0.0085435,2019-06-10 07:00:00,81678
25.2188,188.9,0.0178193,2019-06-10 08:00:00,81679
25,361.1,0.0363709,2019-06-10 09:00:00,81680
32.4062,572.4,0.058584,2019-06-10 10:00:00,81681
24.7188,274.9,0.0251423,2019-06-10 11:00:00,81682
28.1562,687.9,0.0578517,2019-06-10 12:00:00,81683
27.6562,994.4,0.104231,2019-06-10 13:00:00,81684
25.25,828.5,0.0847027,2019-06-10 15:00:00,81685
28.6562,483.4,0.0495523,2019-06-10 16:00:00,81686
27.0312,391.6,0.039056,2019-06-10 17:00:00,81687
24.5625,807.2,0.0842145,2019-06-10 18:00:00,81688
24.375,487.7,0.0500405,2019-06-10 19:00:00,81689
24.8125,281.8,0.0280715,2019-06-10 20:00:00,81690
16.5625,56.8,0.0036615,2019-06-10 21:00:00,81691
15.9062,36.6,0.0014646,2019-06-10 22:00:00,81692
14.3438,29.8,0.0007323,2019-06-10 23:00:00,81693
11.5938,25.2,0.0002441,2019-06-11 00:00:00,81694
9.28125,25.1,0.0002441,2019-06-11 01:00:00,81695
7.6875,25.1,0.0002441,2019-06-11 02:00:00,81696
7.25,27.3,0.0004882,2019-06-11 03:00:00,81697
7.96875,38.4,0.0017087,2019-06-11 04:00:00,81698
8.8125,51.8,0.0031733,2019-06-11 05:00:00,81699
10.1875,80.8,0.0063466,2019-06-11 06:00:00,81700
11.25,125.5,0.0112286,2019-06-11 07:00:00,81701
12.875,199.5,0.0192839,2019-06-11 08:00:00,81702
15.9062,292.2,0.029292,2019-06-11 09:00:00,81703
15.125,477.8,0.0495523,2019-06-11 10:00:00,81704
17.0312,656.3,0.0688362,2019-06-11 11:00:00,81705
15.625,897.2,0.0954431,2019-06-11 12:00:00,81706
14.0625,891.0,0.0944667,2019-06-11 13:00:00,81707
13.7812,1002.7,0.106916,2019-06-11 14:00:00,81708
14.0938,1003.0,0.106916,2019-06-11 15:00:00,81709
13.7812,951.2,0.101302,2019-06-11 16:00:00,81710
14.625,842.5,0.0893406,2019-06-11 17:00:00,81711
14.375,690.0,0.0729859,2019-06-11 18:00:00,81712
13.7188,494.8,0.051261,2019-06-11 19:00:00,81713
13.1562,293.5,0.0288038,2019-06-11 20:00:00,81714
9.8125,123.1,0.0107404,2019-06-11 21:00:00,81715
6.5,47.2,0.002441,2019-06-11 22:00:00,81716
4.71875,33.9,0.0014646,2019-06-11 23:00:00,81717
2.9375,27.2,0.0004882,2019-06-12 00:00:00,81718
1.5625,24.9,0.0002441,2019-06-12 01:00:00,81719
0.65625,24.9,0.0002441,2019-06-12 02:00:00,81720
1.09375,27.1,0.0004882,2019-06-12 03:00:00,81721
5.65625,47.2,0.0026851,2019-06-12 04:00:00,81722
13.8125,67.8,0.004882,2019-06-12 05:00:00,81723
15.7188,85.9,0.0068348,2019-06-12 06:00:00,81724
16.3438,97.1,0.0082994,2019-06-12 07:00:00,81725
18.4375,110.9,0.0095199,2019-06-12 08:00:00,81726
18.2188,252.5,0.0248982,2019-06-12 09:00:00,81727
19.125,459.8,0.0473554,2019-06-12 10:00:00,81728
19.8438,660.8,0.0690803,2019-06-12 11:00:00,81729
20.4375,830.3,0.0873878,2019-06-12 12:00:00,81730
18.4062,943.0,0.0995928,2019-06-12 13:00:00,81731
18.5938,608.0,0.063466,2019-06-12 17:00:00,81732
18.3438,738.2,0.0773797,2019-06-12 18:00:00,81733
17.3438,324.1,0.0327094,2019-06-12 19:00:00,81734
15.3125,162.0,0.0153783,2019-06-12 20:00:00,81735
12.375,81.1,0.0063466,2019-06-12 21:00:00,81736
12.0625,58.7,0.0039056,2019-06-12 22:00:00,81737
8.8125,31.8,0.0009764,2019-06-12 23:00:00,81738
7.3125,27.3,0.0004882,2019-06-13 00:00:00,81739
7.53125,25.1,0.0002441,2019-06-13 01:00:00,81740
7.125,25.1,0.0002441,2019-06-13 02:00:00,81741
7.15625,27.3,0.0004882,2019-06-13 03:00:00,81742
7.15625,31.7,0.0009764,2019-06-13 04:00:00,81743
9.15625,54.1,0.0031733,2019-06-13 05:00:00,81744
12.0312,85.5,0.0068348,2019-06-13 06:00:00,81745
12.7812,105.7,0.0090317,2019-06-13 07:00:00,81746
15.0938,153.0,0.0141578,2019-06-13 08:00:00,81747
19.9062,284.6,0.0283156,2019-06-13 14:00:00,81748
18.4062,230.1,0.0224572,2019-06-13 15:00:00,81749
20.375,291.5,0.0290479,2019-06-13 16:00:00,81750
18.75,167.2,0.0156224,2019-06-13 17:00:00,81751
18.0625,153.6,0.0141578,2019-06-13 18:00:00,81752
16.375,101.6,0.0085435,2019-06-13 19:00:00,81753
14.5312,63.4,0.0043938,2019-06-13 20:00:00,81754
13.7188,54.4,0.0034174,2019-06-13 21:00:00,81755
12.9062,32.0,0.0012205,2019-06-13 22:00:00,81756
12.5625,27.5,0.0004882,2019-06-13 23:00:00,81757
12.1562,25.2,0.0002441,2019-06-14 00:00:00,81758
11.9375,25.2,0.0002441,2019-06-14 01:00:00,81759
11.5,25.2,0.0002441,2019-06-14 02:00:00,81760
10.3125,27.4,0.0004882,2019-06-14 03:00:00,81761
11.5938,27.4,0.0004882,2019-06-14 04:00:00,81762
11.7188,45.3,0.002441,2019-06-14 05:00:00,81763
12.4375,49.8,0.0029292,2019-06-14 06:00:00,81764
13.8125,65.5,0.0046379,2019-06-14 07:00:00,81765
23.9375,172.8,0.0161106,2019-06-14 08:00:00,81766
22.0625,246.9,0.0241659,2019-06-14 09:00:00,81767
22.75,272.0,0.026851,2019-06-14 10:00:00,81768
26.125,391.2,0.0393001,2019-06-14 11:00:00,81769
31.7188,864.6,0.0898288,2019-06-14 12:00:00,81770
29.5312,860.0,0.0893406,2019-06-14 13:00:00,81771
34.0625,1052.5,0.109357,2019-06-14 14:01:00,81772
26.4688,375.4,0.0380796,2019-06-14 15:00:00,81773
25.5312,468.0,0.0480877,2019-06-14 16:00:00,81774
25.7188,903.6,0.0947108,2019-06-14 17:00:00,81775
21.0312,145.1,0.0131814,2019-06-14 18:00:00,81776
21,127.0,0.0112286,2019-06-14 19:00:00,81777
20.4375,93.1,0.0075671,2019-06-14 20:00:00,81778
18.4688,47.9,0.0026851,2019-06-14 21:00:00,81779
16.3125,36.6,0.0014646,2019-06-14 22:00:00,81780
14.6875,29.8,0.0007323,2019-06-14 23:00:00,81781
13.5938,32.0,0.0009764,2019-06-15 00:00:00,81782
10.875,25.2,0.0002441,2019-06-15 01:00:00,81783
9.625,25.2,0.0002441,2019-06-15 02:00:00,81784
9.4375,27.4,0.0007323,2019-06-15 03:00:00,81785
10.9688,36.3,0.0014646,2019-06-15 04:00:00,81786
10.125,36.3,0.0014646,2019-06-15 05:00:00,81787
10.5625,40.8,0.0019528,2019-06-15 06:00:00,81788
10.9688,58.6,0.0039056,2019-06-15 07:00:00,81789
15.875,148.7,0.0134255,2019-06-15 08:00:00,81790
21.625,231.0,0.0222131,2019-06-15 09:00:00,81791
21.8125,533.7,0.0546784,2019-06-15 10:00:00,81792
31.9062,700.0,0.0722536,2019-06-15 11:00:00,81793
28.8125,820.6,0.085435,2019-06-15 12:00:00,81794
29.8438,940.1,0.0981282,2019-06-15 13:00:00,81795
28.1875,990.5,0.103498,2019-06-15 14:00:00,81796
27.875,1001.5,0.104963,2019-06-15 15:00:00,81797
28.75,943.4,0.0986164,2019-06-15 16:00:00,81798
29.5938,835.0,0.0868996,2019-06-15 17:00:00,81799
29.1875,688.8,0.0712772,2019-06-15 18:00:00,81800
27.9688,496.6,0.0507728,2019-06-15 19:00:00,81801
24.2812,292.9,0.029292,2019-06-15 20:00:00,81802
18.875,124.4,0.0109845,2019-06-15 21:00:00,81803
13.9375,45.4,0.002441,2019-06-15 22:00:00,81804
10.3438,36.3,0.0014646,2019-06-15 23:00:00,81805
8.5,27.3,0.0004882,2019-06-16 00:00:00,81806
7.09375,25.1,0.0002441,2019-06-16 01:00:00,81807
5.8125,25.0,0.0002441,2019-06-16 02:00:00,81808
5.3125,27.2,0.0004882,2019-06-16 03:00:00,81809
10.0625,45.2,0.002441,2019-06-16 04:00:00,81810
9.4375,49.6,0.0029292,2019-06-16 05:00:00,81811
16,85.9,0.0068348,2019-06-16 06:00:00,81812
30.4062,98.8,0.0080553,2019-06-16 07:00:00,81813
32.4375,112.8,0.0095199,2019-06-16 08:00:00,81814
33.5938,248.1,0.0241659,2019-06-16 09:00:00,81815
33.7188,452.0,0.0456467,2019-06-16 10:00:00,81816
34.3438,647.0,0.0661511,2019-06-16 11:00:00,81817
35.0312,817.7,0.0844586,2019-06-16 12:00:00,81818
34.4688,929.4,0.0961754,2019-06-16 13:00:00,81819
29.4688,992.0,0.103498,2019-06-16 14:00:00,81820
27,1000.6,0.104963,2019-06-16 15:00:00,81821
27.8125,942.4,0.0986164,2019-06-16 16:00:00,81822
32.2188,842.2,0.0871437,2019-06-16 17:00:00,81823
31.0625,692.5,0.0715213,2019-06-16 18:00:00,81824
30.6875,498.2,0.0507728,2019-06-16 19:00:00,81825
28.5938,292.1,0.0288038,2019-06-16 20:00:00,81826
23.6562,122.9,0.0107404,2019-06-16 21:00:00,81827
17.375,47.9,0.0026851,2019-06-16 22:00:00,81828
14.1875,32.0,0.0009764,2019-06-16 23:00:00,81829
11.9375,27.5,0.0004882,2019-06-17 00:00:00,81830
11.0312,25.2,0.0002441,2019-06-17 01:00:00,81831
10.4062,25.2,0.0002441,2019-06-17 02:00:00,81832
12.2812,27.5,0.0004882,2019-06-17 03:00:00,81833
11.25,31.9,0.0009764,2019-06-17 04:00:00,81834
13.2812,43.1,0.0021969,2019-06-17 05:00:00,81835
15.1562,67.9,0.004882,2019-06-17 06:00:00,81836
15.0312,70.1,0.0051261,2019-06-17 07:00:00,81837
17.875,99.6,0.0082994,2019-06-17 08:00:00,81838
32.5,215.7,0.0202603,2019-06-17 09:00:00,81839
36.6562,370.8,0.0371032,2019-06-17 10:00:00,81840
35.5938,512.6,0.0517492,2019-06-17 11:00:00,81841
38.625,788.6,0.0807971,2019-06-17 12:00:00,81842
38.9375,901.9,0.092758,2019-06-17 13:00:00,81843
37.375,893.3,0.0922698,2019-06-17 14:00:00,81844
33.1562,971.2,0.101057,2019-06-17 15:00:00,81845
32.0938,341.4,0.0339299,2019-06-17 16:00:00,81846
29.1875,415.3,0.0419852,2019-06-17 17:00:00,81847
27.2188,241.7,0.0234336,2019-06-17 18:00:00,81848
27.5312,323.6,0.0322212,2019-06-17 19:00:00,81849
22.6562,120.5,0.0104963,2019-06-17 20:00:00,81850
21.4688,95.5,0.0078112,2019-06-17 21:00:00,81851
19.3125,48.0,0.0026851,2019-06-17 22:00:00,81852
16.1875,32.1,0.0009764,2019-06-17 23:00:00,81853
14.375,27.5,0.0004882,2019-06-18 00:00:00,81854
13.0312,25.3,0.0002441,2019-06-18 01:00:00,81855
11.75,25.2,0.0002441,2019-06-18 02:00:00,81856
9.9375,27.4,0.0004882,2019-06-18 03:00:00,81857
10.0625,31.8,0.0009764,2019-06-18 04:00:00,81858
16.5,54.5,0.0034174,2019-06-18 05:00:00,81859
28.9062,85.0,0.0065907,2019-06-18 06:00:00,81860
31.1875,98.9,0.0080553,2019-06-18 07:00:00,81861
35.2812,113.1,0.0092758,2019-06-18 08:00:00,81862
34.4062,243.7,0.0236777,2019-06-18 09:00:00,81863
35.4688,450.6,0.0449144,2019-06-18 10:00:00,81864
32.7188,645.9,0.0661511,2019-06-18 11:00:00,81865
33.25,717.3,0.0739623,2019-06-18 12:00:00,81866
32.25,887.9,0.0922698,2019-06-18 13:00:00,81867
31.625,953.6,0.0991046,2019-06-18 14:00:00,81868
33.4688,1040.3,0.10838,2019-06-18 15:00:00,81869
32,917.4,0.0954431,2019-06-18 16:00:00,81870
31.1562,855.0,0.0888524,2019-06-18 17:00:00,81871
30.5,400.0,0.0405206,2019-06-18 18:00:00,81872
31.0625,487.1,0.0495523,2019-06-18 19:00:00,81873
29.125,310.5,0.0307566,2019-06-18 20:00:00,81874
24.1875,93.5,0.0078112,2019-06-18 21:00:00,81875
19.6562,59.2,0.0039056,2019-06-18 22:00:00,81876
16.5312,29.9,0.0007323,2019-06-18 23:00:00,81877
15.1562,27.6,0.0004882,2019-06-19 00:00:00,81878
13.25,25.3,0.0002441,2019-06-19 01:00:00,81879
12.7188,25.3,0.0002441,2019-06-19 02:00:00,81880
13.375,32.0,0.0009764,2019-06-19 03:00:00,81881
12.0312,40.9,0.0019528,2019-06-19 04:00:00,81882
14.7188,41.0,0.0019528,2019-06-19 05:00:00,81883
28.0625,91.7,0.007323,2019-06-19 06:00:00,81884
24.8125,105.0,0.0087876,2019-06-19 07:00:00,81885
29.2188,192.1,0.0180634,2019-06-19 08:00:00,81886
31.4062,361.6,0.0361268,2019-06-19 09:00:00,81887
25.5625,80.1,0.0063466,2019-06-19 10:00:00,81888
34.9375,672.9,0.0693244,2019-06-19 11:00:00,81889
27.7812,917.2,0.0959313,2019-06-19 12:00:00,81890
28.9688,1011.9,0.105939,2019-06-19 14:00:00,81891
29.1562,1076.1,0.112774,2019-06-19 15:00:00,81892
26.6562,1086.5,0.114239,2019-06-19 16:00:00,81893
26.6562,539.0,0.0551666,2019-06-19 17:00:00,81894
25.875,686.1,0.0712772,2019-06-19 18:00:00,81895
27.2188,548.5,0.056143,2019-06-19 19:00:00,81896
26.9062,327.9,0.0327094,2019-06-19 20:00:00,81897
21.4688,127.1,0.0112286,2019-06-19 21:00:00,81898
16.4062,47.8,0.0026851,2019-06-19 22:00:00,81899
14.125,36.5,0.0014646,2019-06-19 23:00:00,81900
11.125,27.4,0.0004882,2019-06-20 00:00:00,81901
9.15625,25.1,0.0002441,2019-06-20 01:00:00,81902
8.21875,27.3,0.0002441,2019-06-20 02:00:00,81903
7.59375,29.5,0.0007323,2019-06-20 03:00:00,81904
13.375,54.3,0.0034174,2019-06-20 04:00:00,81905
19.7188,75.0,0.0058584,2019-06-20 05:00:00,81906
25.3125,86.9,0.0068348,2019-06-20 06:00:00,81907
26.3125,125.6,0.0109845,2019-06-20 07:00:00,81908
22.5,158.9,0.014646,2019-06-20 08:00:00,81909
28.7812,246.6,0.0239218,2019-06-20 09:00:00,81910
26.8438,382.4,0.0385678,2019-06-20 10:00:00,81911
31.5938,569.6,0.0583399,2019-06-20 11:00:00,81912
32.9062,485.8,0.0493082,2019-06-20 12:00:00,81913
30.5,391.0,0.0393001,2019-06-20 13:00:00,81914
24.0938,181.8,0.017087,2019-06-20 14:00:00,81915
21.0938,154.1,0.0141578,2019-06-20 15:00:00,81916
27.2188,425.7,0.0429616,2019-06-20 16:00:00,81917
29.375,483.8,0.0490641,2019-06-20 17:00:00,81918
31.6562,656.5,0.0676157,2019-06-20 18:00:00,81919
31.0625,475.6,0.0483318,2019-06-20 19:00:00,81920
27.3438,200.8,0.0187957,2019-06-20 20:00:00,81921
22.5,64.0,0.0043938,2019-06-20 21:00:00,81922
21,39.0,0.0017087,2019-06-20 22:00:00,81923
20.1562,27.7,0.0004882,2019-06-20 23:00:00,81924
19.4062,25.5,0,2019-06-21 00:00:00,81925
17.375,25.4,0.0002441,2019-06-21 01:00:00,81926
17.6562,25.4,0.0002441,2019-06-21 02:00:00,81927
18,25.4,0.0002441,2019-06-21 03:00:00,81928
16.3125,25.4,0.0004882,2019-06-21 04:00:00,81929
16.3438,32.1,0.0009764,2019-06-21 05:00:00,81930
16,27.6,0.0004882,2019-06-21 06:00:00,81931
23.4062,88.9,0.0070789,2019-06-21 07:00:00,81932
28.2812,205.5,0.019528,2019-06-21 08:00:00,81933
35.875,303.9,0.0297802,2019-06-21 09:00:00,81934
30.75,233.5,0.0224572,2019-06-21 10:00:00,81935
29.4375,192.1,0.0180634,2019-06-21 11:00:00,81936
30,317.6,0.0314889,2019-06-21 12:00:00,81937
32.875,490.4,0.0497964,2019-06-21 13:00:00,81938
32.4688,259.2,0.0251423,2019-06-21 14:00:00,81939
30.7188,1068.8,0.111798,2019-06-21 15:00:00,81940
31.1562,973.5,0.101546,2019-06-21 16:00:00,81941
29.0938,811.7,0.0847027,2019-06-21 17:00:00,81942
30.3125,427.3,0.0429616,2019-06-21 18:00:00,81943
25.4688,211.7,0.0205044,2019-06-21 19:00:00,81944
28.4062,260.2,0.0253864,2019-06-21 20:00:00,81945
25.2188,127.7,0.0112286,2019-06-21 21:00:00,81946
17.6562,59.1,0.0041497,2019-06-21 22:00:00,81947
15.0312,36.5,0.0014646,2019-06-21 23:00:00,81948
12.9688,27.5,0.0004882,2019-06-22 00:00:00,81949
12.0312,25.2,0.0002441,2019-06-22 01:00:00,81950
11.5625,25.2,0.0002441,2019-06-22 02:00:00,81951
11.75,27.5,0.0004882,2019-06-22 03:00:00,81952
14.875,45.5,0.002441,2019-06-22 04:00:00,81953
19.7812,68.3,0.004882,2019-06-22 05:00:00,81954
24.8438,84.6,0.0065907,2019-06-22 06:00:00,81955
27.2812,98.4,0.0080553,2019-06-22 07:00:00,81956
29.9688,121.5,0.0104963,2019-06-22 08:00:00,81957
26.1562,218.6,0.0212367,2019-06-22 09:00:00,81958
23.625,145.5,0.0131814,2019-06-22 10:00:00,81959
14.875,32.0,0.0009764,2019-06-22 11:00:00,81960
28.5312,1166.4,0.122294,2019-06-22 12:00:00,81961
25.3438,318.1,0.031733,2019-06-22 13:00:00,81962
17.9688,196.2,0.0187957,2019-06-22 14:00:00,81963
14.0938,224.4,0.021969,2019-06-22 15:00:00,81964
13.1875,94.5,0.0078112,2019-06-22 16:00:00,81965
11.9688,76.6,0.0058584,2019-06-22 17:00:00,81966
13.3438,110.2,0.0095199,2019-06-22 18:00:00,81967
18.0938,173.8,0.0163547,2019-06-22 19:00:00,81968
15.1562,119.4,0.0104963,2019-06-22 20:00:00,81969
11.9062,81.0,0.0063466,2019-06-22 21:00:00,81970
12.0625,38.6,0.0017087,2019-06-22 22:00:00,81971
11.1562,31.9,0.0009764,2019-06-22 23:00:00,81972
11.2812,27.4,0.0002441,2019-06-23 00:00:00,81973
10.9688,25.2,0.0002441,2019-06-23 01:00:00,81974
10.7188,25.2,0.0002441,2019-06-23 02:00:00,81975
10.3125,27.4,0.0002441,2019-06-23 03:00:00,81976
9.84375,34.1,0.0012205,2019-06-23 04:00:00,81977
12.3438,69.9,0.0053702,2019-06-23 05:00:00,81978
18.5312,88.4,0.007323,2019-06-23 06:00:00,81979
12.7188,63.2,0.0043938,2019-06-23 07:00:00,81980
17.7188,104.1,0.0087876,2019-06-23 08:00:00,81981
23.1562,247.2,0.02441,2019-06-23 09:00:00,81982
22.25,452.5,0.046379,2019-06-23 10:00:00,81983
23.6875,648.1,0.0673716,2019-06-23 11:00:00,81984
22.4375,816.5,0.0856791,2019-06-23 12:00:00,81985
24.5938,934.1,0.0981282,2019-06-23 13:00:00,81986
23.9375,999.1,0.105207,2019-06-23 14:00:00,81987
22.9688,1013.8,0.106916,2019-06-23 15:00:00,81988
23.4062,953.1,0.100325,2019-06-23 16:00:00,81989
23.8125,845.0,0.0883642,2019-06-23 17:00:00,81990
24.6875,696.4,0.0724977,2019-06-23 18:00:00,81991
22.5312,502.5,0.0515051,2019-06-23 19:00:00,81992
20.9688,298.5,0.0297802,2019-06-23 20:00:00,81993
18.9688,129.0,0.0117168,2019-06-23 21:00:00,81994
12.625,45.4,0.002441,2019-06-23 22:00:00,81995
10.1562,36.3,0.0014646,2019-06-23 23:00:00,81996
8.1875,25.1,0.0004882,2019-06-24 00:00:00,81997
7.4375,25.1,0.0002441,2019-06-24 01:00:00,81998
6.96875,25.1,0.0002441,2019-06-24 02:00:00,81999
6.125,27.3,0.0004882,2019-06-24 03:00:00,82000
6.96875,31.7,0.0009764,2019-06-24 04:00:00,82001
18.125,65.9,0.0046379,2019-06-24 05:00:00,82002
25.5625,82.4,0.0063466,2019-06-24 06:00:00,82003
27.2812,96.2,0.0078112,2019-06-24 07:00:00,82004
32.3125,108.2,0.0090317,2019-06-24 08:00:00,82005
28.6562,239.8,0.0231895,2019-06-24 09:00:00,82006
29.875,443.1,0.0449144,2019-06-24 10:00:00,82007
27.0625,666.6,0.0690803,2019-06-24 11:00:00,82008
27.4375,837.4,0.0873878,2019-06-24 12:00:00,82009
20.875,981.9,0.103498,2019-06-24 13:00:00,82010
24.4375,952.2,0.0978841,2019-06-24 14:00:00,82011
25.3438,1105.1,0.116192,2019-06-24 15:00:00,82012
27.0312,964.1,0.101057,2019-06-24 16:00:00,82013
27.3125,848.5,0.0886083,2019-06-24 17:00:00,82014
25.8438,509.0,0.0522374,2019-06-24 19:00:00,82015
24.375,295.2,0.029292,2019-06-24 20:00:00,82016
21,129.3,0.0112286,2019-06-24 21:00:00,82017
14.6562,47.7,0.0026851,2019-06-24 22:00:00,82018
12.0312,36.4,0.0014646,2019-06-24 23:00:00,82019
9.3125,27.4,0.0004882,2019-06-25 00:00:00,82020
9.90625,27.4,0.0002441,2019-06-25 01:00:00,82021
7.96875,25.1,0.0002441,2019-06-25 02:00:00,82022
7.0625,27.3,0.0004882,2019-06-25 03:00:00,82023
10.75,45.2,0.002441,2019-06-25 04:00:00,82024
19.0625,66.0,0.0046379,2019-06-25 05:00:00,82025
27.9375,84.9,0.0065907,2019-06-25 06:00:00,82026
20.2812,129.2,0.0114727,2019-06-25 07:00:00,82027
16.1875,74.7,0.0056143,2019-06-25 08:00:00,82028
13.4062,76.7,0.0058584,2019-06-25 09:00:00,82029
12.375,96.7,0.0080553,2019-06-25 10:00:00,82030
15.0625,177.6,0.0168429,2019-06-25 11:00:00,82031
24.5312,444.8,0.0458908,2019-06-25 12:00:00,82032
26.4375,650.2,0.0673716,2019-06-25 13:00:00,82033
26.5312,1190.9,0.126444,2019-06-25 14:00:00,82034
28.7188,733.9,0.0761592,2019-06-25 15:00:00,82035
27.6875,239.5,0.0231895,2019-06-25 16:00:00,82036
29.2188,850.6,0.0883642,2019-06-25 17:00:00,82037
25.9062,409.2,0.041497,2019-06-25 18:00:00,82038
21.125,248.9,0.0241659,2019-06-25 19:00:00,82039
25.4375,295.5,0.029292,2019-06-25 20:00:00,82040
20.7188,138.3,0.012205,2019-06-25 21:00:00,82041
16.6875,68.0,0.004882,2019-06-25 22:00:00,82042
12.3125,34.2,0.0014646,2019-06-25 23:00:00,82043
9.25,27.4,0.0004882,2019-06-26 00:00:00,82044
7.4375,25.1,0.0002441,2019-06-26 01:00:00,82045
6.1875,25.0,0.0002441,2019-06-26 02:00:00,82046
6.1875,25.1,0.0004882,2019-06-26 03:00:00,82047
9.40625,40.7,0.0019528,2019-06-26 04:00:00,82048
12.1875,60.9,0.0039056,2019-06-26 05:00:00,82049
22.1875,106.9,0.0090317,2019-06-26 06:00:00,82050
16.3438,106.1,0.0090317,2019-06-26 07:00:00,82051
17.0938,130.9,0.0117168,2019-06-26 08:00:00,82052
19.375,115.5,0.0100081,2019-06-26 09:00:00,82053
23.0625,208.8,0.0200162,2019-06-26 10:00:00,82054
21.25,154.1,0.0144019,2019-06-26 11:00:00,82055
18.4062,104.1,0.0087876,2019-06-26 12:00:00,82056
17.875,250.1,0.0246541,2019-06-26 13:00:00,82057
18.6875,162.7,0.0151342,2019-06-26 14:00:00,82058
23.1562,215.6,0.0207485,2019-06-26 15:00:00,82059
24.4062,243.1,0.0236777,2019-06-26 16:00:00,82060
22.25,158.9,0.014646,2019-06-26 17:00:00,82061
18,95.1,0.0078112,2019-06-26 18:00:00,82062
14.5,47.7,0.0029292,2019-06-26 19:00:00,82063
14.375,67.8,0.004882,2019-06-26 20:00:00,82064
13.9062,43.2,0.0021969,2019-06-26 21:00:00,82065
13.5625,40.9,0.0019528,2019-06-26 22:00:00,82066
12.9062,32.0,0.0007323,2019-06-26 23:00:00,82067
12.4375,25.2,0.0002441,2019-06-27 00:00:00,82068
12.3438,25.2,0,2019-06-27 01:00:00,82069
12.125,23.0,0.0002441,2019-06-27 02:00:00,82070
12.0938,25.2,0.0002441,2019-06-27 03:00:00,82071
10.6562,34.1,0.0012205,2019-06-27 04:00:00,82072
11.3438,54.2,0.0034174,2019-06-27 05:00:00,82073
12.9375,76.6,0.0058584,2019-06-27 06:00:00,82074
15.0938,121.6,0.0107404,2019-06-27 07:00:00,82075
18.1562,131.1,0.0117168,2019-06-27 08:00:00,82076
19.4062,234.9,0.0231895,2019-06-27 09:00:00,82077
20.0312,424.3,0.0434498,2019-06-27 10:00:00,82078
18.8125,545.3,0.0566312,2019-06-27 11:00:00,82079
20.6875,794.6,0.0834822,2019-06-27 12:00:00,82080
20.125,913.5,0.0964195,2019-06-27 13:00:00,82081
21.0938,1043.1,0.111798,2019-06-27 14:00:00,82082
20.4688,1015.4,0.107404,2019-06-27 15:00:00,82083
21.4375,813.2,0.0849468,2019-06-27 16:00:00,82084
21.75,845.4,0.0888524,2019-06-27 17:00:00,82085
21.8125,696.3,0.0727418,2019-06-27 18:00:00,82086
22.3438,416.5,0.0424734,2019-06-27 19:00:00,82087
23.125,303.8,0.0302684,2019-06-27 20:00:00,82088
19.2188,126.8,0.0109845,2019-06-27 21:00:00,82089
13.7812,49.9,0.0026851,2019-06-27 22:00:00,82090
11.0312,36.3,0.0014646,2019-06-27 23:00:00,82091
10.2188,27.4,0.0004882,2019-06-28 00:00:00,82092
11.5625,25.2,0.0002441,2019-06-28 01:00:00,82093
10.6562,25.2,0.0002441,2019-06-28 02:00:00,82094
9.34375,27.4,0.0004882,2019-06-28 03:00:00,82095
12.125,45.3,0.002441,2019-06-28 04:00:00,82096
14.875,63.4,0.0043938,2019-06-28 05:00:00,82097
19.3438,84.0,0.0065907,2019-06-28 06:00:00,82098
18.875,97.4,0.0080553,2019-06-28 07:00:00,82099
20.9062,122.5,0.0107404,2019-06-28 08:00:00,82100
20.8438,244.3,0.0239218,2019-06-28 09:00:00,82101
21.3438,443.0,0.0454026,2019-06-28 10:00:00,82102
21.125,659.6,0.0688362,2019-06-28 11:00:00,82103
20.625,938.7,0.0995928,2019-06-28 13:00:00,82104
23.4688,1053.0,0.111065,2019-06-28 14:00:00,82105
21.6875,630.7,0.0663952,2019-06-28 15:00:00,82106
24.9062,957.3,0.100569,2019-06-28 16:00:00,82107
27.8125,860.5,0.0895847,2019-06-28 17:00:00,82108
26.3125,706.8,0.0734741,2019-06-28 18:00:00,82109
25.0938,522.2,0.053702,2019-06-28 19:00:00,82110
24.6562,302.0,0.0302684,2019-06-28 20:00:00,82111
19.7812,63.8,0.0043938,2019-06-28 21:00:00,82112
13.9688,54.4,0.0034174,2019-06-28 22:00:00,82113
11.6562,31.9,0.0009764,2019-06-28 23:00:00,82114
11.9688,25.2,0.0002441,2019-06-29 00:00:00,82115
10.6875,25.2,0.0002441,2019-06-29 01:00:00,82116
10.5,23.0,0.0002441,2019-06-29 02:00:00,82117
9.875,27.4,0.0004882,2019-06-29 03:00:00,82118
9.5,31.8,0.0009764,2019-06-29 04:00:00,82119
10.9375,47.5,0.0026851,2019-06-29 05:00:00,82120
13.1875,61.0,0.0043938,2019-06-29 06:00:00,82121
24.25,102.6,0.0087876,2019-06-29 07:00:00,82122
19.7188,122.3,0.0107404,2019-06-29 08:00:00,82123
17.9062,113.1,0.009764,2019-06-29 09:00:00,82124
19.2812,201.1,0.0192839,2019-06-29 10:00:00,82125
23.9688,356.2,0.0358827,2019-06-29 11:00:00,82126
22.1562,253.7,0.0248982,2019-06-29 12:00:00,82127
23.4062,274.4,0.0270951,2019-06-29 13:00:00,82128
24.3125,711.9,0.0744505,2019-06-29 14:00:00,82129
24.8438,907.3,0.095199,2019-06-29 15:00:00,82130
24.9062,934.6,0.0981282,2019-06-29 16:00:00,82131
24.0625,630.2,0.0654188,2019-06-29 17:00:00,82132
25.5312,667.6,0.0693244,2019-06-29 18:00:00,82133
27.1875,518.9,0.0532138,2019-06-29 19:00:00,82134
24.2812,145.6,0.0131814,2019-06-29 20:00:00,82135
13.8125,54.4,0.0034174,2019-06-29 21:00:00,82136
14.25,58.9,0.0039056,2019-06-29 22:00:00,82137
11.875,34.2,0.0012205,2019-06-29 23:00:00,82138
10.875,27.4,0.0004882,2019-06-30 00:00:00,82139
9.375,27.4,0.0002441,2019-06-30 01:00:00,82140
9,25.1,0.0002441,2019-06-30 02:00:00,82141
8.53125,27.3,0.0004882,2019-06-30 03:00:00,82142
11.4062,45.3,0.002441,2019-06-30 04:00:00,82143
14.6562,65.6,0.0046379,2019-06-30 05:00:00,82144
18.1875,83.9,0.0065907,2019-06-30 06:00:00,82145
19.3125,99.8,0.0082994,2019-06-30 07:00:00,82146
21.75,109.1,0.0092758,2019-06-30 08:00:00,82147
23.3125,240.4,0.0234336,2019-06-30 09:00:00,82148
25.75,447.7,0.0456467,2019-06-30 10:00:00,82149
30.0312,684.9,0.070789,2019-06-30 11:00:00,82150
26.625,825.2,0.0859232,2019-06-30 12:00:00,82151
27.6562,949.1,0.0993487,2019-06-30 13:00:00,82152
28.3438,1029.3,0.107892,2019-06-30 14:00:00,82153
26.1875,1049.4,0.110333,2019-06-30 15:00:00,82154
30.375,949.9,0.0993487,2019-06-30 16:00:00,82155
27.7188,355.5,0.0353945,2019-06-30 17:00:00,82156
22.9375,244.9,0.0239218,2019-06-30 18:00:00,82157
16.3438,108.4,0.0092758,2019-06-30 19:00:00,82158
14.6875,63.4,0.0043938,2019-06-30 20:00:00,82159
11.625,45.3,0.002441,2019-06-30 21:00:00,82160
10.4375,27.4,0.0004882,2019-06-30 22:00:00,82161
10.3125,27.4,0.0002441,2019-06-30 23:00:00,82162
10.9375,25.2,0.0002441,2019-07-01 00:00:00,82163
12.5938,25.2,0.0002441,2019-07-01 01:00:00,82164
13.1875,23.0,0.0002441,2019-07-01 02:00:00,82165
12.8438,25.3,0.0002441,2019-07-01 03:00:00,82166
11.1875,27.4,0.0004882,2019-07-01 04:00:00,82167
12,38.6,0.0017087,2019-07-01 05:00:00,82168
13.9062,45.4,0.002441,2019-07-01 06:00:00,82169
16.2812,45.6,0.002441,2019-07-01 07:00:00,82170
16.2812,77.0,0.0058584,2019-07-01 08:00:00,82171
24.5,465.1,0.0475995,2019-07-01 10:00:00,82172
27.625,667.0,0.0690803,2019-07-01 11:00:00,82173
26.7188,854.8,0.0893406,2019-07-01 12:00:00,82174
28,997.2,0.104475,2019-07-01 13:00:00,82175
27.4062,1123.8,0.118144,2019-07-01 14:00:00,82176
31.4375,768.2,0.0800648,2019-07-01 15:00:00,82177
23.7812,1012.5,0.106916,2019-07-01 16:00:00,82178
27.0938,846.1,0.0883642,2019-07-01 17:00:00,82179
25,803.1,0.0839704,2019-07-01 18:00:00,82180
23.1875,154.5,0.0141578,2019-07-01 19:00:00,82181
20.1875,122.4,0.0107404,2019-07-01 20:00:00,82182
17.4688,63.6,0.0043938,2019-07-01 21:00:00,82183
15.125,50.0,0.0026851,2019-07-01 22:00:00,82184
12.6562,31.9,0.0009764,2019-07-01 23:00:00,82185
10.625,27.4,0.0004882,2019-07-02 00:00:00,82186
9.0625,25.1,0.0002441,2019-07-02 01:00:00,82187
8.125,25.1,0.0002441,2019-07-02 02:00:00,82188
9.96875,27.4,0.0002441,2019-07-02 03:00:00,82189
10.9688,29.7,0.0007323,2019-07-02 04:00:00,82190
11.7188,36.4,0.0017087,2019-07-02 05:00:00,82191
12.0312,40.8,0.0021969,2019-07-02 06:00:00,82192
11.9375,92.2,0.007323,2019-07-02 07:00:00,82193
11.875,105.6,0.0090317,2019-07-02 08:00:00,82194
13.5938,139.3,0.0126932,2019-07-02 09:00:00,82195
13.7812,148.3,0.0136696,2019-07-02 10:00:00,82196
16.1562,323.7,0.0327094,2019-07-02 11:00:00,82197
20.2812,764.8,0.0798207,2019-07-02 13:00:00,82198
20.5312,413.3,0.0424734,2019-07-02 14:00:00,82199
18.1562,324.4,0.0327094,2019-07-02 15:00:00,82200
20.6562,968.0,0.102278,2019-07-02 16:00:00,82201
21.3125,853.8,0.0898288,2019-07-02 17:00:00,82202
22.3125,624.4,0.0649306,2019-07-02 18:00:00,82203
21.7188,524.6,0.0541902,2019-07-02 19:00:00,82204
21.375,296.4,0.0295361,2019-07-02 20:00:00,82205
18.2812,126.6,0.0112286,2019-07-02 21:00:00,82206
13.5312,61.0,0.0041497,2019-07-02 22:00:00,82207
9.5625,36.3,0.0014646,2019-07-02 23:00:00,82208
6.5625,27.3,0.0004882,2019-07-03 00:00:00,82209
4.375,25.0,0.0002441,2019-07-03 01:00:00,82210
3.125,25.0,0.0002441,2019-07-03 02:00:00,82211
2.71875,27.1,0.0004882,2019-07-03 03:00:00,82212
7.59375,38.4,0.0017087,2019-07-03 04:00:00,82213
14.7812,65.6,0.0046379,2019-07-03 05:00:00,82214
18.4688,86.2,0.0068348,2019-07-03 06:00:00,82215
20.375,99.9,0.0082994,2019-07-03 07:00:00,82216
21.9688,113.6,0.0095199,2019-07-03 08:00:00,82217
22.0625,436.6,0.0446703,2019-07-03 10:00:00,82218
21.8125,635.3,0.065907,2019-07-03 11:00:00,82219
22.4062,812.0,0.0851909,2019-07-03 12:00:00,82220
23.75,935.5,0.0978841,2019-07-03 13:00:00,82221
22.2812,994.9,0.104963,2019-07-03 14:00:00,82222
24.9688,966.3,0.101302,2019-07-03 16:00:00,82223
24.7812,852.8,0.0893406,2019-07-03 17:00:00,82224
23.7188,688.7,0.0720095,2019-07-03 18:00:00,82225
22.9688,514.0,0.0527256,2019-07-03 19:00:00,82226
21.9062,307.9,0.0307566,2019-07-03 20:00:00,82227
18.9062,131.2,0.0117168,2019-07-03 21:00:00,82228
12.3125,45.3,0.002441,2019-07-03 22:00:00,82229
8.90625,34.0,0.0012205,2019-07-03 23:00:00,82230
6.65625,27.3,0.0004882,2019-07-04 00:00:00,82231
5.3125,25.0,0.0002441,2019-07-04 01:00:00,82232
5.125,25.0,0.0002441,2019-07-04 02:00:00,82233
6.59375,27.3,0.0004882,2019-07-04 03:00:00,82234
9.03125,42.9,0.0021969,2019-07-04 04:00:00,82235
17.1875,63.6,0.0043938,2019-07-04 05:00:00,82236
24.9062,82.3,0.0063466,2019-07-04 06:00:00,82237
25.8438,96.0,0.0078112,2019-07-04 07:00:00,82238
25.125,107.2,0.0090317,2019-07-04 08:00:00,82239
27.1875,234.8,0.0227013,2019-07-04 09:00:00,82240
25.875,443.1,0.0451585,2019-07-04 10:00:00,82241
24.7812,642.1,0.0666393,2019-07-04 11:00:00,82242
21.9688,813.8,0.085435,2019-07-04 12:00:00,82243
24.6875,1011.3,0.106428,2019-07-04 14:00:00,82244
23.625,1028.3,0.10838,2019-07-04 15:00:00,82245
23.1875,971.1,0.102278,2019-07-04 16:00:00,82246
26.5,865.9,0.0905611,2019-07-04 17:00:00,82247
25.7188,719.9,0.0746946,2019-07-04 18:00:00,82248
23.7812,516.8,0.0532138,2019-07-04 19:00:00,82249
22.9688,306.0,0.0307566,2019-07-04 20:00:00,82250
18.5938,131.2,0.0117168,2019-07-04 21:00:00,82251
11.9375,45.3,0.0021969,2019-07-04 22:00:00,82252
8.59375,31.8,0.0009764,2019-07-04 23:00:00,82253
5.53125,27.2,0.0004882,2019-07-05 00:00:00,82254
3.59375,25.0,0.0002441,2019-07-05 01:00:00,82255
1.875,24.9,0.0002441,2019-07-05 02:00:00,82256
1.28125,27.1,0.0004882,2019-07-05 03:00:00,82257
5.0625,42.7,0.0021969,2019-07-05 04:00:00,82258
13.8438,67.8,0.004882,2019-07-05 05:00:00,82259
23.9062,104.8,0.0087876,2019-07-05 06:00:00,82260
30.375,155.8,0.0141578,2019-07-05 07:00:00,82261
29.875,107.9,0.0092758,2019-07-05 08:00:00,82262
28.625,437.8,0.0444262,2019-07-05 10:00:00,82263
30,641.5,0.0663952,2019-07-05 11:00:00,82264
28.0312,815.3,0.0847027,2019-07-05 12:00:00,82265
24.625,961.5,0.100813,2019-07-05 13:00:00,82266
22.4688,999.6,0.105695,2019-07-05 14:00:00,82267
22.3125,1019.7,0.107404,2019-07-05 15:00:00,82268
21.3438,962.2,0.101546,2019-07-05 16:00:00,82269
21.1562,853.6,0.0898288,2019-07-05 17:00:00,82270
21.0312,709.3,0.0742064,2019-07-05 18:00:00,82271
20.75,512.6,0.0527256,2019-07-05 19:00:00,82272
19.5938,304.7,0.0305125,2019-07-05 20:00:00,82273
17.4375,131.0,0.0117168,2019-07-05 21:00:00,82274
12.6875,45.4,0.002441,2019-07-05 22:00:00,82275
11.0625,31.9,0.0009764,2019-07-05 23:00:00,82276
10.8438,25.2,0.0002441,2019-07-06 00:00:00,82277
10.9688,23.0,0,2019-07-06 01:00:00,82278
10.2812,25.2,0.0002441,2019-07-06 02:00:00,82279
11.9062,25.2,0.0002441,2019-07-06 03:00:00,82280
10.9375,29.6,0.0007323,2019-07-06 04:00:00,82281
12.2188,36.4,0.0014646,2019-07-06 05:00:00,82282
12.8125,63.2,0.0043938,2019-07-06 06:00:00,82283
13.8438,85.7,0.0068348,2019-07-06 07:00:00,82284
16.6875,175.7,0.0168429,2019-07-06 08:00:00,82285
14.6562,166.4,0.0158665,2019-07-06 09:00:00,82286
15.5,206.9,0.0197721,2019-07-06 10:00:00,82287
17.6562,268.1,0.0266069,2019-07-06 11:00:00,82288
17.2188,274.7,0.0273392,2019-07-06 12:00:00,82289
18.9375,378.8,0.0388119,2019-07-06 13:00:00,82290
18.9688,410.3,0.0419852,2019-07-06 14:00:00,82291
19.4688,1219.1,0.130349,2019-07-06 15:00:00,82292
19.3438,257.4,0.0253864,2019-07-06 16:00:00,82293
17.5938,306.2,0.0307566,2019-07-06 17:00:00,82294
21.6875,987.4,0.103987,2019-07-06 18:00:00,82295
16.7812,599.9,0.0622455,2019-07-06 19:00:00,82296
18.5312,299.8,0.0302684,2019-07-06 20:00:00,82297
13.6875,128.2,0.0114727,2019-07-06 21:00:00,82298
10.625,40.8,0.0019528,2019-07-06 22:00:00,82299
8.4375,31.8,0.0009764,2019-07-06 23:00:00,82300
7.0625,27.3,0.0002441,2019-07-07 00:00:00,82301
7.78125,25.1,0.0002441,2019-07-07 01:00:00,82302
6.46875,25.1,0.0002441,2019-07-07 02:00:00,82303
8.15625,25.1,0.0002441,2019-07-07 03:00:00,82304
9.5625,29.6,0.0007323,2019-07-07 04:00:00,82305
11.375,45.3,0.002441,2019-07-07 05:00:00,82306
13,63.2,0.0043938,2019-07-07 06:00:00,82307
14.4688,94.7,0.0080553,2019-07-07 07:00:00,82308
18.7812,187.5,0.0180634,2019-07-07 08:00:00,82309
21.0938,289.4,0.0288038,2019-07-07 09:00:00,82310
24.0938,288.3,0.0283156,2019-07-07 10:00:00,82311
25.2188,646.9,0.0673716,2019-07-07 11:00:00,82312
24.4062,467.4,0.0480877,2019-07-07 12:00:00,82313
22.75,477.7,0.0490641,2019-07-07 13:00:00,82314
21.8438,522.4,0.0539461,2019-07-07 14:00:00,82315
22.4375,421.0,0.0427175,2019-07-07 15:00:00,82316
22.2188,450.4,0.0461349,2019-07-07 16:00:00,82317
20.9375,659.5,0.0688362,2019-07-07 17:00:00,82318
20.6875,523.9,0.0541902,2019-07-07 18:00:00,82319
18.625,320.2,0.0322212,2019-07-07 19:00:00,82320
17.5,140.0,0.0126932,2019-07-07 20:00:00,82321
14.125,43.2,0.0021969,2019-07-07 21:00:00,82322
13.8438,43.2,0.0021969,2019-07-07 22:00:00,82323
13.6875,27.5,0.0004882,2019-07-07 23:00:00,82324
13.75,25.3,0.0002441,2019-07-08 00:00:00,82325
13.875,25.3,0.0002441,2019-07-08 01:00:00,82326
13.8438,25.3,0.0002441,2019-07-08 02:00:00,82327
13.4062,25.3,0.0002441,2019-07-08 03:00:00,82328
12.6562,27.5,0.0004882,2019-07-08 04:00:00,82329
12.3125,40.9,0.0019528,2019-07-08 05:00:00,82330
12.2188,45.3,0.002441,2019-07-08 06:00:00,82331
13.625,112.5,0.009764,2019-07-08 07:00:00,82332
14.25,92.4,0.0075671,2019-07-08 08:00:00,82333
12.7188,94.5,0.0078112,2019-07-08 09:00:00,82334
13.2188,172.8,0.0163547,2019-07-08 10:00:00,82335
13.3438,94.6,0.0078112,2019-07-08 11:00:00,82336
14.5625,126.0,0.0112286,2019-07-08 12:00:00,82337
16.25,265.4,0.0263628,2019-07-08 13:00:00,82338
14.1875,157.3,0.014646,2019-07-08 14:00:00,82339
13.25,119.1,0.0102522,2019-07-08 15:00:00,82340
15.1562,253.8,0.0253864,2019-07-08 16:00:00,82341
19.5625,311.5,0.0312448,2019-07-08 17:00:00,82342
15.625,159.8,0.0148901,2019-07-08 18:00:00,82343
14.4688,105.9,0.0090317,2019-07-08 19:00:00,82344
13.9375,85.7,0.0068348,2019-07-08 20:00:00,82345
13.625,83.4,0.0065907,2019-07-08 21:00:00,82346
12.5625,49.8,0.0029292,2019-07-08 22:00:00,82347
12.0312,36.4,0.0014646,2019-07-08 23:00:00,82348
7.8125,25.1,0.0002441,2019-07-09 00:00:00,82349
6.09375,25.0,0.0002441,2019-07-09 01:00:00,82350
5.25,25.0,0.0002441,2019-07-09 02:00:00,82351
4.625,25.0,0.0002441,2019-07-09 03:00:00,82352
4.46875,31.6,0.0009764,2019-07-09 04:00:00,82353
6.53125,47.2,0.0026851,2019-07-09 05:00:00,82354
8.15625,69.5,0.0053702,2019-07-09 06:00:00,82355
9.90625,103.1,0.0087876,2019-07-09 07:00:00,82356
12,161.4,0.0151342,2019-07-09 08:00:00,82357
14.7188,222.3,0.0217249,2019-07-09 09:00:00,82358
20.4375,582.4,0.0605368,2019-07-09 10:00:00,82359
17.75,173.7,0.0163547,2019-07-09 11:00:00,82360
21.125,269.2,0.026851,2019-07-09 12:00:00,82361
18.1875,1064.1,0.113018,2019-07-09 13:00:00,82362
18.375,1035.1,0.109845,2019-07-09 14:00:00,82363
19.6875,989.5,0.104719,2019-07-09 15:00:00,82364
20.375,936.2,0.0981282,2019-07-09 16:00:00,82365
19.5,919.5,0.0973959,2019-07-09 17:00:00,82366
19.3438,248.3,0.02441,2019-07-09 18:00:00,82367
21.0938,551.2,0.0571194,2019-07-09 19:00:00,82368
18.9688,261.8,0.0258746,2019-07-09 20:00:00,82369
14.9688,63.4,0.0043938,2019-07-09 21:00:00,82370
12.3125,47.6,0.0026851,2019-07-09 22:00:00,82371
10.6875,29.6,0.0007323,2019-07-09 23:00:00,82372
10.4688,25.2,0.0002441,2019-07-10 00:00:00,82373
9.96875,25.2,0.0002441,2019-07-10 01:00:00,82374
9.5,25.2,0.0002441,2019-07-10 02:00:00,82375
10.3438,25.2,0.0002441,2019-07-10 03:00:00,82376
9.6875,31.8,0.0009764,2019-07-10 04:00:00,82377
10.5,47.5,0.0026851,2019-07-10 05:00:00,82378
17.1562,101.7,0.0085435,2019-07-10 06:00:00,82379
17.7188,90.6,0.007323,2019-07-10 07:00:00,82380
23.9375,163.7,0.0151342,2019-07-10 08:00:00,82381
29.75,329.0,0.0327094,2019-07-10 09:00:00,82382
22.4375,310.3,0.0310007,2019-07-10 10:00:00,82383
20.0625,492.0,0.0505287,2019-07-10 12:00:00,82384
18.5938,979.4,0.103498,2019-07-10 13:00:00,82385
18.7812,1125.8,0.119609,2019-07-10 14:00:00,82386
18.5312,448.3,0.0483318,2019-07-10 15:00:00,82387
17.9062,272.7,0.0273392,2019-07-10 16:00:00,82388
19.0938,793.0,0.0834822,2019-07-10 17:00:00,82389
19,660.0,0.0688362,2019-07-10 18:00:00,82390
17.5312,512.9,0.0532138,2019-07-10 19:00:00,82391
17.7188,306.3,0.0307566,2019-07-10 20:00:00,82392
14.25,90.2,0.007323,2019-07-10 21:00:00,82393
12.7812,43.1,0.0021969,2019-07-10 22:00:00,82394
11.9062,27.5,0.0004882,2019-07-10 23:00:00,82395
11.3438,25.2,0.0002441,2019-07-11 00:00:00,82396
9.90625,25.2,0.0002441,2019-07-11 01:00:00,82397
9.78125,25.2,0,2019-07-11 02:00:00,82398
10.4375,25.2,0.0002441,2019-07-11 03:00:00,82399
10.1562,27.4,0.0004882,2019-07-11 04:00:00,82400
10.2188,36.3,0.0014646,2019-07-11 05:00:00,82401
11.7188,67.6,0.004882,2019-07-11 06:00:00,82402
17.5938,142.2,0.0131814,2019-07-11 07:00:00,82403
26.875,121.1,0.0107404,2019-07-11 08:00:00,82404
23.4375,288.0,0.0288038,2019-07-11 09:00:00,82405
21.8125,432.0,0.0444262,2019-07-11 10:00:00,82406
22.5312,416.6,0.0424734,2019-07-11 11:00:00,82407
23.4375,342.3,0.0344181,2019-07-11 12:00:00,82408
19.875,1032.6,0.109845,2019-07-11 13:00:00,82409
20.4062,1024.0,0.10838,2019-07-11 15:00:00,82410
19.625,996.1,0.105207,2019-07-11 16:00:00,82411
19.2812,824.9,0.0868996,2019-07-11 17:00:00,82412
19.4375,680.8,0.0712772,2019-07-11 18:00:00,82413
18.6562,491.1,0.0507728,2019-07-11 19:00:00,82414
17.5625,292.8,0.029292,2019-07-11 20:00:00,82415
15.8438,133.0,0.012205,2019-07-11 21:00:00,82416
11.1875,52.0,0.0031733,2019-07-11 22:00:00,82417
8.71875,31.8,0.0009764,2019-07-11 23:00:00,82418
6.84375,25.1,0.0002441,2019-07-12 00:00:00,82419
6.0625,22.8,0.0002441,2019-07-12 01:00:00,82420
4.65625,25.0,0.0002441,2019-07-12 02:00:00,82421
2.5625,24.9,0.0002441,2019-07-12 03:00:00,82422
2.96875,31.6,0.0009764,2019-07-12 04:00:00,82423
11.875,56.5,0.0036615,2019-07-12 05:00:00,82424
22.0938,79.8,0.0063466,2019-07-12 06:00:00,82425
24.9062,100.4,0.0082994,2019-07-12 07:00:00,82426
26.6875,159.7,0.014646,2019-07-12 08:00:00,82427
22.0625,253.7,0.0251423,2019-07-12 09:00:00,82428
24.2812,421.9,0.0429616,2019-07-12 10:00:00,82429
24,648.3,0.0673716,2019-07-12 11:00:00,82430
23.7812,781.7,0.0817735,2019-07-12 12:00:00,82431
22.125,709.9,0.0742064,2019-07-12 13:00:00,82432
21.5312,1020.9,0.107892,2019-07-12 14:00:00,82433
22.3438,999.5,0.105451,2019-07-12 15:00:00,82434
21.0312,912.1,0.0964195,2019-07-12 16:00:00,82435
20.1875,852.5,0.0895847,2019-07-12 17:00:00,82436
20.9062,700.0,0.07323,2019-07-12 18:00:00,82437
19.8125,487.3,0.0502846,2019-07-12 19:00:00,82438
20.5938,296.1,0.0295361,2019-07-12 20:00:00,82439
18.2188,133.4,0.0119609,2019-07-12 21:00:00,82440
12.625,49.8,0.0029292,2019-07-12 22:00:00,82441
9.21875,31.8,0.0009764,2019-07-12 23:00:00,82442
7.375,25.1,0.0002441,2019-07-13 00:00:00,82443
6.15625,25.0,0.0002441,2019-07-13 01:00:00,82444
5.09375,25.0,0.0002441,2019-07-13 02:00:00,82445
3.125,25.0,0.0002441,2019-07-13 03:00:00,82446
4.0625,33.8,0.0012205,2019-07-13 04:00:00,82447
14.5312,56.6,0.0036615,2019-07-13 05:00:00,82448
17.3125,79.3,0.0061025,2019-07-13 06:00:00,82449
22.1875,97.8,0.0080553,2019-07-13 07:00:00,82450
25.4062,111.8,0.0095199,2019-07-13 08:00:00,82451
23.875,231.6,0.0224572,2019-07-13 09:00:00,82452
25.9062,495.4,0.0505287,2019-07-13 10:00:00,82453
21.8438,696.2,0.0727418,2019-07-13 11:00:00,82454
20.1875,460.5,0.0473554,2019-07-13 12:00:00,82455
21.8438,763.8,0.0800648,2019-07-13 13:00:00,82456
19.125,561.1,0.0583399,2019-07-13 14:00:00,82457
18.75,977.2,0.103254,2019-07-13 15:00:00,82458
19.9688,933.5,0.0991046,2019-07-13 16:00:00,82459
19.9062,820.8,0.0861673,2019-07-13 17:00:00,82460
20.5938,674.9,0.070789,2019-07-13 18:00:00,82461
20.6875,508.1,0.0524815,2019-07-13 19:00:00,82462
15.9375,164.4,0.0153783,2019-07-13 20:00:00,82463
13.3438,56.6,0.0036615,2019-07-13 21:00:00,82464
12.25,49.8,0.0029292,2019-07-13 22:00:00,82465
9.75,31.8,0.0009764,2019-07-13 23:00:00,82466
8.21875,25.1,0.0002441,2019-07-14 00:00:00,82467
7.15625,25.1,0.0002441,2019-07-14 01:00:00,82468
7.40625,22.9,0.0002441,2019-07-14 02:00:00,82469
7.5,25.1,0.0002441,2019-07-14 03:00:00,82470
8.375,29.6,0.0007323,2019-07-14 04:00:00,82471
10.4375,63.0,0.0043938,2019-07-14 05:00:00,82472
13.6875,103.6,0.0087876,2019-07-14 06:00:00,82473
23.2188,170.3,0.0158665,2019-07-14 07:00:00,82474
15.75,139.7,0.0126932,2019-07-14 08:00:00,82475
16.6875,234.1,0.0229454,2019-07-14 09:00:00,82476
18.8438,176.2,0.0165988,2019-07-14 10:00:00,82477
20.5938,503.5,0.0522374,2019-07-14 11:00:00,82478
20.2188,379.4,0.0388119,2019-07-14 12:00:00,82479
23.125,835.3,0.0873878,2019-07-14 13:00:00,82480
24.9375,816.7,0.085435,2019-07-14 14:00:00,82481
22.7188,1020.1,0.107648,2019-07-14 15:00:00,82482
21.75,942.5,0.0993487,2019-07-14 16:00:00,82483
21.5625,836.1,0.0881201,2019-07-14 17:00:00,82484
21.625,696.0,0.0727418,2019-07-14 18:00:00,82485
19.4375,448.8,0.0458908,2019-07-14 19:00:00,82486
18.5938,95.2,0.0075671,2019-07-14 20:00:00,82487
12.8438,63.2,0.0043938,2019-07-14 21:00:00,82488
11.9062,49.8,0.0029292,2019-07-14 22:00:00,82489
9.59375,27.4,0.0007323,2019-07-14 23:00:00,82490
7.875,25.1,0.0002441,2019-07-15 00:00:00,82491
7.03125,22.9,0.0002441,2019-07-15 01:00:00,82492
7.25,25.1,0.0002441,2019-07-15 02:00:00,82493
7.4375,22.9,0.0002441,2019-07-15 03:00:00,82494
6.78125,27.3,0.0004882,2019-07-15 04:00:00,82495
7.46875,38.4,0.0014646,2019-07-15 05:00:00,82496
9.6875,54.1,0.0034174,2019-07-15 06:00:00,82497
11.375,76.5,0.0058584,2019-07-15 07:00:00,82498
17.0938,171.3,0.0158665,2019-07-15 08:00:00,82499
21.6875,224.2,0.0217249,2019-07-15 09:00:00,82500
25.375,349.9,0.0351504,2019-07-15 10:00:00,82501
27.2812,428.1,0.0434498,2019-07-15 11:00:00,82502
26.0312,334.3,0.0334417,2019-07-15 12:00:00,82503
28.5312,337.6,0.0336858,2019-07-15 13:00:00,82504
21.625,203.9,0.019528,2019-07-15 14:00:00,82505
23.0938,330.9,0.0331976,2019-07-15 15:00:00,82506
18.8125,156.0,0.014646,2019-07-15 16:00:00,82507
19.0312,167.2,0.0156224,2019-07-15 17:00:00,82508
